종목명,섹터,변동일자,매수매도,기준주가,90일후_주가,180일후_주가,270일후_주가,360일후_주가
한온시스템,산업재,2025-12-31,매도,2935.0,3740.0,,,
롯데관광개발,기타,2025-12-30,매수,23250.0,18110.0,,,
HL만도,정보기술,2025-12-30,매수,57845.15,49750.0,,,
하나머티리얼즈,정보기술,2025-12-30,매수,43100.0,60000.0,,,
코스모신소재,소재,2025-12-30,매도,43300.0,52400.0,,,
덴티움,헬스케어,2025-12-30,매도,45665.9,51600.0,,,
태광,소재,2025-12-29,매수,21850.0,34800.0,,,
피에스케이,산업재,2025-12-29,매수,36200.0,80000.0,,,
에스티아이,산업재,2025-12-29,매수,30150.0,29350.0,,,
현대위아,정보기술,2025-12-26,매수,72356.03,79739.3,,,
아이에스동서,기타,2025-12-26,매도,23950.0,27600.0,,,
KG스틸,소재,2025-12-24,매도,5209.51,5531.55,,,
에이치브이엠,소재,2025-12-22,매수,52200.0,87400.0,,,
케이씨텍,기타,2025-12-22,매수,38435.11,45400.0,,,
대상,필수소비재,2025-12-19,매도,20533.81,19478.33,,,
해성디에스,정보기술,2025-12-18,매수,55378.73,57500.0,,,
오스코텍,기타,2025-12-17,매수,51600.0,54900.0,,,
한섬,기타,2025-12-17,매도,16063.79,24187.78,,,
더존비즈온,정보기술,2025-12-17,매도,83449.15,119100.0,,,
STX엔진,산업재,2025-12-17,매도,37300.0,34200.0,,,
코리아써키트,정보기술,2025-12-16,매수,33815.46,52600.0,,,
HL홀딩스,금융,2025-12-16,매수,45878.45,42437.57,,,
제이에스코퍼레이션,기타,2025-12-16,매수,13450.63,12160.0,,,
삼화전기,정보기술,2025-12-15,매도,28420.0,39100.0,,,
S-Oil,에너지 / 유틸리티,2025-12-12,매수,81347.16,117634.37,,,
한올바이오파마,기타,2025-12-12,매도,42550.0,55900.0,,,
한세실업,기타,2025-12-12,매도,12522.29,12075.41,,,
녹십자,기타,2025-12-11,매도,149599.0,149896.03,,,
감성코퍼레이션,기타,2025-12-09,매수,6458.51,5493.11,,,
엘앤에프,기타,2025-12-08,매수,132000.0,113000.0,,,
CJ제일제당,필수소비재,2025-12-05,매도,211544.42,197100.0,,,
진시스템,헬스케어,2025-12-04,매도,4295.0,4425.0,,,
에스티팜,기타,2025-12-03,매수,118526.8,155111.61,,,
삼성전기,정보기술,2025-12-03,매수,258631.84,409000.0,,,
에스엘,정보기술,2025-12-03,매수,42069.0,65525.94,,,
솔루스첨단소재,정보기술,2025-12-03,매도,8278.93,8330.0,,,
SNT에너지,산업재,2025-12-01,매도,38639.73,43477.7,,,
우신시스템,산업재,2025-11-28,매도,6219.81,6690.0,,,
대한항공,산업재,2025-11-28,매도,21202.27,27267.0,,,
동아에스티,기타,2025-11-27,매도,49414.66,51289.98,,,
엠앤씨솔루션,산업재,2025-11-26,매수,125191.22,149600.0,,,
케이씨,기타,2025-11-26,매수,24721.1,32320.0,,,
와이지엔터테인먼트,기타,2025-11-26,매수,60517.21,73700.0,,,
테크윙,산업재,2025-11-26,매도,44668.09,45750.0,,,
하이트진로,기타,2025-11-25,매도,18580.0,18150.0,,,
디와이파워,산업재,2025-11-24,매도,12449.91,14619.73,,,
이마트,기타,2025-11-24,매도,75620.41,109532.66,,,
한국카본,소재,2025-11-21,매수,26427.9,36750.0,,,
파라다이스,기타,2025-11-21,매수,17922.09,20150.0,,,
비나텍,기타,2025-11-21,매도,51553.4,115000.0,,,
진성티이씨,산업재,2025-11-20,매수,11696.32,16210.0,,,
테스,산업재,2025-11-17,매수,45703.84,71500.0,,,
세아제강지주,금융,2025-11-17,매수,139740.36,147168.09,,,
이수페타시스,정보기술,2025-11-14,매수,110877.8,107983.6,133100.0,,
경동나비엔,기타,2025-11-13,매수,61653.88,62200.0,71900.0,,
하나투어,기타,2025-11-13,매도,45696.77,51100.0,40350.0,,
한국콜마,소재,2025-11-13,매도,64690.13,72702.21,100100.0,,
코스맥스,소재,2025-11-12,매도,155456.59,204159.77,213000.0,,
한화엔진,산업재,2025-11-12,매도,42250.0,54500.0,78400.0,,
디어유,정보기술,2025-11-05,매수,36118.42,36515.33,32450.0,,
TCC스틸,소재,2025-11-05,매도,17734.97,16390.0,19980.0,,
하이록코리아,소재,2025-11-05,매도,32905.67,31845.75,46150.0,,
덕산네오룩스,정보기술,2025-11-03,매수,42400.0,37350.0,53000.0,,
에스에프에이,산업재,2025-11-03,매도,24062.11,32200.0,32550.0,,
씨에스윈드,소재,2025-10-30,매도,43357.75,40050.0,72700.0,,
미코,정보기술,2025-10-29,매수,15310.0,15190.0,20850.0,,
대한광통신,기타,2025-10-28,매수,1797.0,3005.0,16020.0,,
유진테크,산업재,2025-10-28,매수,88849.38,83458.52,136000.0,,
한글과컴퓨터,정보기술,2025-10-28,매도,24517.96,24700.0,21200.0,,
유니드,소재,2025-10-28,매도,69016.66,77021.43,92400.0,,
대한유화,소재,2025-10-24,매수,132033.94,156500.0,156000.0,,
이녹스첨단소재,정보기술,2025-10-24,매도,25478.54,26566.94,35650.0,,
농심,필수소비재,2025-10-24,매도,422145.12,403448.75,377500.0,,
유비쿼스,정보기술,2025-10-23,매수,8455.0,11930.0,15490.0,,
더블유게임즈,정보기술,2025-10-20,매도,49024.51,49611.63,51700.0,,
동국제강,소재,2025-10-20,매도,8482.74,8081.6,10450.0,,
두산테스나,기타,2025-10-16,매도,53017.43,50421.48,97800.0,,
제일기획,기타,2025-10-15,매도,19095.73,21100.0,19330.0,,
DL,소재,2025-10-15,매도,36850.0,35500.0,63800.0,,
브이티,소재,2025-10-14,매수,27000.0,17360.0,15720.0,,
포스코퓨처엠,기타,2025-10-14,매도,166500.61,187775.12,214500.0,,
SK스퀘어,금융,2025-10-10,매수,247000.0,430500.0,578000.0,,
화승엔터프라이즈,기타,2025-10-10,매도,5544.0,4690.0,4580.0,,
LX인터내셔널,기타,2025-10-02,매도,29193.03,30679.05,45250.0,,
오리온,필수소비재,2025-10-02,매도,100611.9,100417.1,128000.0,,
SK가스,기타,2025-10-01,매수,228340.08,218623.48,261000.0,,
하나투어,기타,2025-07-01,매수,53353.54,49061.84,47793.84,40800.0,
넷마블,정보기술,2025-06-30,매수,61053.8,62038.54,47661.35,52200.0,
원익머트리얼즈,소재,2025-06-30,매수,21643.44,32317.59,31050.0,42000.0,
엠앤씨솔루션,산업재,2025-06-27,매수,156340.69,212113.08,133695.52,109000.0,
한국카본,소재,2025-06-27,매수,25042.17,32119.3,31475.92,46800.0,
한섬,기타,2025-06-26,매도,16325.54,14803.5,15879.59,23896.95,
현대제철,소재,2025-06-25,매수,30507.86,35633.57,30212.14,34007.14,
해성디에스,정보기술,2025-06-25,매도,26902.46,29755.0,56264.0,52900.0,
JW중외제약,기타,2025-06-24,매도,22568.25,21687.06,27267.93,29226.12,
두산밥캣,산업재,2025-06-23,매수,56600.25,54556.59,58777.05,62228.72,
한세실업,기타,2025-06-23,매도,9936.07,10325.9,13977.05,11733.11,
산일전기,에너지 / 유틸리티,2025-06-20,매수,82000.0,120100.0,140100.0,139800.0,
HL만도,정보기술,2025-06-19,매도,33061.41,34588.84,51439.81,50257.28,
이마트,기타,2025-06-18,매수,80005.61,75425.51,87119.39,91017.35,
미코,정보기술,2025-06-18,매수,15090.0,16610.0,13760.0,13630.0,
ESR켄달스퀘어리츠,기타,2025-06-18,매수,4069.4,4413.36,4310.0,4290.0,
오뚜기,필수소비재,2025-06-18,매도,381014.16,413700.41,380038.47,357109.31,
농심,필수소비재,2025-06-18,매도,383276.31,482170.44,423621.19,355723.69,
HDC,금융,2025-06-17,매수,22539.05,21407.18,18306.83,24261.47,
한화투자증권,금융,2025-06-17,매수,6700.0,6180.0,4705.0,7420.0,
에스티아이,산업재,2025-06-17,매도,19950.41,20000.16,30895.78,32650.0,
삼성SDI,기타,2025-06-17,매도,169300.0,201500.0,303000.0,383000.0,
NH투자증권,금융,2025-06-16,매수,18153.77,20828.25,20154.82,30496.79,
비에이치,정보기술,2025-06-16,매도,12213.59,17827.9,18300.69,18470.0,
이녹스첨단소재,정보기술,2025-06-13,매수,22114.38,23944.88,24093.3,33542.62,
대한해운,산업재,2025-06-13,매도,1796.0,1830.0,1843.0,2190.0,
SBS,통신서비스,2025-06-12,매수,28607.01,19838.77,19123.59,15880.81,
대신증권,금융,2025-06-12,매수,23665.24,28029.74,26671.89,36661.73,
시프트업,정보기술,2025-06-12,매도,52700.0,41450.0,39300.0,30700.0,
브이티,소재,2025-06-11,매수,43800.0,31350.0,19470.0,14510.0,
대주전자재료,정보기술,2025-06-10,매수,70993.88,68497.61,76385.82,116000.0,
엘앤에프,기타,2025-06-10,매도,49900.0,62400.0,132000.0,113000.0,
현대오토에버,정보기술,2025-06-09,매수,146378.73,168270.88,300519.25,406994.59,
현대위아,정보기술,2025-06-09,매수,43167.51,51190.66,66646.3,89878.98,
와이지엔터테인먼트,기타,2025-06-05,매수,86993.48,99634.41,62507.91,67700.0,
롯데관광개발,기타,2025-06-05,매수,13090.0,15570.0,20950.0,21950.0,
HL홀딩스,금융,2025-06-04,매수,40048.07,37897.52,46690.89,44827.07,
SK케미칼,기타,2025-06-02,매수,57760.03,57307.73,70525.0,67861.82,
세아제강,소재,2025-06-02,매수,145898.2,126400.29,113625.79,127552.88,
현대코퍼레이션,기타,2025-06-02,매도,25528.4,20878.06,21168.71,27600.0,
현대백화점,기타,2025-05-29,매수,69550.34,73349.31,87485.41,106589.16,
에스앤에스텍,정보기술,2025-05-29,매도,32467.75,55374.44,44419.07,88700.0,
롯데쇼핑,기타,2025-05-28,매수,74025.37,64872.38,69847.55,110819.58,
덕산네오룩스,정보기술,2025-05-27,매수,36650.0,45950.0,35850.0,44000.0,
세아베스틸지주,소재,2025-05-27,매수,20013.17,27290.69,25913.86,69333.1,
카카오,통신서비스,2025-05-27,매수,40892.7,64609.46,58717.72,58018.7,
호텔신라,기타,2025-05-26,매수,48500.0,48450.0,48000.0,48150.0,
제주항공,산업재,2025-05-26,매도,6690.0,6720.0,5420.0,6100.0,
삼화전기,정보기술,2025-05-22,매도,26411.0,23912.0,28910.0,44300.0,
쿠쿠홈시스,기타,2025-05-21,매수,25867.32,25914.96,23533.07,26250.0,
넥센타이어,기타,2025-05-21,매도,6068.34,5591.82,7303.4,9024.7,
유니드,소재,2025-05-19,매수,89711.9,76630.95,65209.52,78680.95,
디어유,정보기술,2025-05-16,매수,49613.22,51994.65,33637.76,42518.53,28100.0
메디톡스,기타,2025-05-16,매수,168011.45,120093.04,125200.0,131700.0,101800.0
후성,소재,2025-05-16,매도,4130.0,5840.0,9260.0,8170.0,13410.0
한미약품,기타,2025-05-15,매수,290936.25,280474.5,452346.09,560949.0,423500.0
CJ제일제당,필수소비재,2025-05-15,매도,225809.88,228275.16,225825.86,217503.41,225500.0
일진전기,기타,2025-05-14,매도,27931.94,39718.82,61707.8,71800.0,142500.0
인터로조,헬스케어,2025-05-14,매도,15696.8,17818.51,15936.82,18770.0,19990.0
신세계,기타,2025-05-12,매수,170035.19,162749.38,199867.66,324415.72,433000.0
한일시멘트,기타,2025-05-12,매수,17265.5,19389.31,16952.61,17550.0,16800.0
LG유플러스,통신서비스,2025-05-12,매수,12440.48,14403.62,15797.2,15115.02,15370.0
덴티움,헬스케어,2025-05-12,매도,60887.86,61382.08,57230.64,47543.93,51100.0
태광,소재,2025-05-12,매도,17571.41,21769.03,24816.71,26800.0,45250.0
삼양식품,필수소비재,2025-05-09,매수,989399.5,1429796.88,1336199.25,1109674.0,1316000.0
비나텍,기타,2025-05-09,매도,25339.81,27427.18,53689.32,113900.0,184700.0
현대건설,산업재,2025-05-08,매수,42475.86,70826.25,67245.15,98281.37,159400.0
경동나비엔,기타,2025-05-08,매수,76253.52,91346.39,69348.29,56100.0,76900.0
세아제강지주,금융,2025-05-08,매수,219365.62,198072.8,141820.12,129242.51,229000.0
코스메카코리아,소재,2025-05-08,매도,45589.01,66220.89,66220.89,99400.0,79400.0
두산테스나,기타,2025-05-08,매도,25011.05,31001.72,50121.95,62402.82,132100.0
한글과컴퓨터,정보기술,2025-04-23,매수,21668.18,26778.14,23928.35,22450.0,21450.0
한화엔진,산업재,2025-04-23,매도,26350.0,30850.0,46200.0,55100.0,54300.0
성광벤드,소재,2025-04-23,매도,26646.59,30963.64,30368.18,30150.0,38000.0
세방전지,기타,2025-04-22,매수,64063.99,69914.14,62529.52,62900.0,61400.0
더블유게임즈,정보기술,2025-04-22,매수,53134.35,56559.21,49024.51,49611.63,52200.0
STX엔진,산업재,2025-04-21,매도,21750.0,20750.0,37000.0,36900.0,33850.0
이수페타시스,정보기술,2025-04-18,매수,33083.7,60279.2,77644.4,116067.41,119700.0
CJ,금융,2025-04-18,매수,119033.01,164875.47,166252.7,176483.64,203000.0
현대위아,정보기술,2025-04-16,매수,40657.2,51289.11,47203.7,85645.91,76800.0
하나머티리얼즈,정보기술,2025-04-16,매수,26116.3,25272.23,41954.89,46350.0,62700.0
피엔에이치테크,소재,2025-04-10,매도,5080.77,4956.14,6039.4,4885.0,4645.0
엠로,정보기술,2025-04-07,매수,45450.0,49800.0,43200.0,38400.0,26900.0
BNK금융지주,금융,2025-04-07,매도,9034.21,13299.21,13740.69,15458.79,17630.0
티씨케이,소재,2025-04-02,매수,89019.47,104664.72,164770.19,141900.0,231000.0
SK스퀘어,금융,2025-04-02,매수,92900.0,185000.0,197100.0,346000.0,510000.0
빙그레,기타,2025-03-27,매수,194181.48,79497.45,75474.68,73463.3,72600.0
테스,산업재,2025-03-27,매수,22361.54,25647.12,43448.08,39770.19,60100.0
대한유화,소재,2025-03-27,매수,98133.34,85742.77,112109.9,144523.64,134700.0
LG화학,소재,2025-03-26,매수,269257.28,209651.75,293115.0,343789.12,288146.97
명신산업,정보기술,2025-03-26,매도,9006.4,8439.93,8895.07,9063.27,9844.93
한세실업,기타,2025-03-26,매도,10907.09,10145.25,10325.9,13977.05,11295.74
이수페타시스,정보기술,2025-03-24,매수,37730.64,45508.8,76546.6,121157.2,129241.0
한국콜마,소재,2025-03-24,매수,64690.13,87737.23,79824.06,62118.35,69042.38
덕산네오룩스,정보기술,2025-03-21,매수,29500.0,36350.0,47000.0,38250.0,47600.0
미래에셋증권,금융,2025-03-21,매수,9433.46,19709.02,21745.15,21152.1,70900.0
한올바이오파마,기타,2025-03-21,매도,28550.0,25750.0,32200.0,43500.0,53600.0
POSCO홀딩스,소재,2025-03-19,매수,302332.41,251727.8,280906.31,316044.28,333500.0
피에스케이,산업재,2025-03-18,매수,19482.77,19080.56,28743.46,29773.52,64100.0
에스앤에스텍,정보기술,2025-03-17,매수,34210.65,40335.7,53780.93,47556.29,86200.0
SKC,소재,2025-03-14,매수,136500.0,94600.0,98700.0,114500.0,96800.0
동성화인텍,소재,2025-03-14,매수,24374.29,27131.78,31809.68,26245.45,26100.0
오리온홀딩스,금융,2025-03-14,매도,14460.0,20800.6,20178.97,19318.25,22282.94
한화엔진,산업재,2025-03-14,매도,23350.0,29050.0,45700.0,46400.0,48050.0
산일전기,에너지 / 유틸리티,2025-03-13,매수,64900.0,69400.0,104800.0,148000.0,138400.0
롯데케미칼,소재,2025-03-12,매수,72849.05,65987.15,62817.9,72459.25,70769.53
성광벤드,소재,2025-03-12,매도,27341.29,34387.5,35082.2,27291.67,35850.0
한솔제지,소재,2025-03-12,매도,8002.7,8373.44,8137.7,8116.63,7807.79
해성디에스,정보기술,2025-03-11,매수,27000.82,21246.54,22230.18,52821.27,58300.0
신세계,기타,2025-03-10,매수,152893.08,175154.95,167967.59,238265.88,332292.28
코스모신소재,소재,2025-03-10,매수,50500.0,35000.0,40950.0,50600.0,49050.0
한솔케미칼,소재,2025-03-07,매수,118172.72,138017.94,160806.27,243240.53,311605.47
이마트,기타,2025-03-07,매수,81359.21,84585.72,72112.24,80103.06,98228.57
금호석유화학,소재,2025-03-07,매수,121195.84,116166.55,105121.86,117645.76,138500.0
현대제철,소재,2025-03-07,매수,30534.08,27747.86,32282.14,30015.0,40808.57
카카오뱅크,금융,2025-03-07,매수,22671.32,23851.61,23458.18,21589.39,25500.0
일진전기,기타,2025-03-07,매수,26941.45,29318.63,35905.42,53090.5,83200.0
화승엔터프라이즈,기타,2025-03-06,매도,8712.0,7672.5,6702.3,4935.15,5220.0
넥센타이어,기타,2025-03-06,매도,5021.53,6564.31,5601.54,7128.35,8246.71
세아제강,소재,2025-03-05,매수,167179.38,150316.45,126400.29,113625.79,124575.36
HL만도,정보기술,2025-03-05,매수,40464.97,33061.41,35130.82,50454.37,56761.17
영원무역홀딩스,금융,2025-03-05,매도,83674.18,120737.25,128162.78,163578.3,239430.73
디아이,기타,2025-03-04,매수,12254.46,14744.88,12560.82,21050.0,36000.0
실리콘투,기타,2025-03-04,매도,25546.92,51490.69,43801.81,43553.78,43504.17
LG유플러스,통신서비스,2025-02-28,매수,9754.36,12325.56,14510.81,14812.92,16859.44
두산테스나,기타,2025-02-27,매도,30674.07,23114.0,36293.48,41385.55,64399.71
와이지엔터테인먼트,기타,2025-02-26,매수,58825.11,80623.25,103217.67,60218.6,73100.0
STX엔진,산업재,2025-02-26,매도,29150.0,24950.0,34850.0,30750.0,35450.0
현대코퍼레이션,기타,2025-02-26,매도,23881.4,23590.76,21653.12,20732.74,28250.0
대주전자재료,정보기술,2025-02-25,매수,114828.36,71493.13,71992.38,68297.91,92400.0
두산밥캣,산업재,2025-02-25,매수,47014.51,45173.23,56025.79,56508.81,64595.58
경동나비엔,기타,2025-02-24,매수,79903.43,79015.62,76253.52,55735.11,67400.0
SBS,통신서비스,2025-02-21,매수,22630.89,22532.92,21161.35,19250.95,18486.79
하나머티리얼즈,정보기술,2025-02-21,매수,33762.52,24527.47,23584.11,40763.27,61300.0
현대백화점,기타,2025-02-20,매수,53261.45,64485.05,69842.57,91502.09,103846.06
한솔케미칼,소재,2025-02-19,매수,114171.83,123849.55,167642.77,234323.36,313587.06
엠로,정보기술,2025-02-19,매수,73900.0,49800.0,43500.0,40150.0,41250.0
이녹스첨단소재,정보기술,2025-02-18,매수,29386.9,22312.28,24686.97,23648.04,37302.56
대한전선,기타,2025-02-18,매수,13630.0,12270.0,16340.0,24750.0,31550.0
현대건설,산업재,2025-02-14,매수,33814.54,43221.92,63564.57,62072.44,113600.53
대덕전자,정보기술,2025-02-12,매수,17740.9,15342.03,23614.6,47030.33,60552.79
하나투어,기타,2025-02-12,매수,55792.0,49452.0,53256.0,45550.46,47900.0
진시스템,헬스케어,2025-02-12,매도,10080.0,10110.0,5300.0,5850.0,5270.0
피엔에이치테크,소재,2025-02-12,매도,7295.21,5770.98,5358.77,4754.83,5100.0
BNK금융지주,금융,2025-02-10,매수,10621.08,10184.78,14024.62,14325.82,17502.93
비에이치아이,산업재,2025-02-07,매도,19830.0,30600.0,44050.0,48650.0,69600.0
올릭스,기타,2025-02-07,매도,20550.0,47450.0,51500.0,122000.0,130800.0
아모레퍼시픽,소재,2025-02-06,매수,123895.21,122241.2,126107.7,119167.81,137013.25
더존비즈온,정보기술,2025-02-05,매수,73794.51,64650.71,68828.14,88123.89,91008.31
씨에스윈드,소재,2025-02-05,매도,39451.64,37742.72,45066.67,44627.23,39200.0
한화,소재,2025-02-04,매수,29852.56,48269.06,88914.08,96835.16,113370.41
동아에스티,기타,2025-02-04,매도,45040.59,43366.76,43132.34,46226.62,51383.75
두산에너빌리티,산업재,2025-02-03,매수,23350.0,27300.0,64300.0,88700.0,94000.0
제주항공,산업재,2025-02-03,매도,7130.0,7080.0,6760.0,5710.0,5510.0
삼화전기,정보기술,2025-02-03,매도,32389.0,27881.0,25578.0,34398.0,51500.0
SNT모티브,정보기술,2025-01-31,매수,23310.05,25886.0,32859.27,32865.69,36117.46
씨앤씨인터내셔널,소재,2025-01-23,매도,37250.0,32200.0,45600.0,38500.0,29900.0
에스티아이,산업재,2025-01-22,매수,22537.5,19303.64,19194.19,22836.01,30000.0
이노션,기타,2025-01-22,매도,16545.63,16696.62,19380.85,16838.64,17484.82
DB손해보험,금융,2025-01-21,매도,83436.91,82546.95,131460.09,127424.03,118967.54
삼양홀딩스,금융,2025-01-21,매도,67600.38,61017.96,97273.48,107199.36,58700.0
LX인터내셔널,기타,2025-01-21,매도,22589.02,24495.3,32021.26,28665.74,34178.38
한화엔진,산업재,2025-01-21,매도,24250.0,24400.0,28950.0,46200.0,53000.0
롯데정밀화학,소재,2025-01-20,매수,38289.07,32578.47,42046.14,45639.0,43891.12
진에어,산업재,2025-01-20,매도,10040.0,8880.0,9190.0,7600.0,6750.0
풍산,소재,2025-01-17,매도,52544.71,53682.61,160949.67,124834.13,121693.66
호텔신라,기타,2025-01-15,매수,39100.0,39850.0,52300.0,50100.0,45550.0
LS에코에너지,금융,2025-01-13,매수,36001.1,30829.67,31177.75,40227.75,34807.69
하나머티리얼즈,정보기술,2025-01-13,매수,25470.84,28052.68,24726.08,42848.6,48900.0
SK이노베이션,에너지 / 유틸리티,2025-01-10,매수,122481.14,102200.0,116500.0,103000.0,102700.0
TCC스틸,소재,2025-01-10,매수,29608.04,20750.51,17068.17,15217.04,14060.0
신세계푸드,기타,2025-01-10,매도,32837.33,29303.41,41132.76,36027.98,46728.38
DL,소재,2025-01-09,매도,31250.0,28150.0,52700.0,36200.0,36450.0
두산로보틱스,산업재,2025-01-07,매수,65700.0,41600.0,61600.0,70300.0,80300.0
대웅,기타,2025-01-07,매수,21804.44,18157.16,22597.33,21408.0,21400.0
CJ제일제당,필수소비재,2024-09-30,매도,292302.25,245668.5,239922.98,244440.58,230756.56
넷마블,정보기술,2024-09-27,매도,60078.55,51091.2,40768.18,60167.53,65485.12
비에이치,정보기술,2024-09-27,매도,17848.28,17207.37,14794.2,12597.73,18871.97
이녹스첨단소재,정보기술,2024-09-27,매도,26605.21,20184.94,23697.52,23153.31,24934.34
클리오,소재,2024-09-27,매도,30255.38,16925.75,19182.52,16317.41,14374.62
엠로,정보기술,2024-09-26,매수,54400.0,64000.0,54600.0,58100.0,41900.0
자화전자,정보기술,2024-09-25,매수,17460.0,12300.0,13310.0,15030.0,21550.0
SK네트웍스,기타,2024-09-25,매도,4417.6,3889.44,3989.28,4373.71,4403.85
제주항공,산업재,2024-09-25,매도,8990.0,8370.0,7040.0,6980.0,6600.0
지아이이노베이션,기타,2024-09-23,매수,11229.91,7153.24,13818.18,24000.0,18430.0
JW중외제약,기타,2024-09-19,매수,26275.23,23297.05,21687.06,21833.92,21931.83
덕산네오룩스,정보기술,2024-09-19,매도,28100.0,28850.0,29000.0,33600.0,47050.0
이마트,기타,2024-09-12,매도,60354.09,61779.77,79458.29,88288.77,74645.92
STX엔진,산업재,2024-09-11,매수,18610.0,16560.0,27250.0,22700.0,47550.0
삼성카드,금융,2024-09-11,매수,37478.72,35604.78,38638.78,45253.38,48397.3
뷰노,정보기술,2024-09-10,매수,31750.0,23000.0,22550.0,20700.0,23250.0
에스앤에스텍,정보기술,2024-09-06,매도,23017.85,25344.38,30724.85,34260.45,53780.93
하나머티리얼즈,정보기술,2024-09-06,매도,29326.17,22645.5,27705.12,25172.93,26811.41
덴티움,헬스케어,2024-09-05,매도,71264.25,57755.37,61777.46,60492.49,54759.54
대한유화,소재,2024-09-05,매도,98245.16,73586.02,87824.38,80489.16,117760.0
코미코,산업재,2024-09-04,매도,55407.32,35241.75,41354.32,55961.58,79155.53
이수페타시스,정보기술,2024-09-04,매도,35344.51,26595.38,36438.16,38023.8,64570.6
코스맥스,소재,2024-09-04,매도,116378.63,138084.55,163426.2,213014.88,207603.42
한솔케미칼,소재,2024-09-02,매도,137591.69,95045.6,104511.12,131775.92,175370.97
하나투어,기타,2024-08-30,매수,46147.6,55638.95,54816.61,49256.92,51597.84
삼화전기,정보기술,2024-08-29,매수,40866.32,28818.47,39053.0,26362.0,24794.0
팬오션,산업재,2024-08-29,매도,3366.27,3292.08,3658.84,3519.41,3846.35
녹십자,기타,2024-08-28,매수,166347.58,138672.06,130391.72,128015.56,132866.89
유한양행,기타,2024-08-26,매도,110526.56,117063.09,119860.74,103448.27,113096.81
대웅제약,기타,2024-08-20,매수,138839.97,126443.55,136129.5,138222.28,134036.73
동국제강,소재,2024-08-19,매도,7949.39,7628.11,7646.47,8736.07,9793.8
아모레퍼시픽,소재,2024-08-16,매도,120559.95,104962.69,114085.62,121646.34,125512.85
피에스케이,산업재,2024-08-13,매수,28429.11,18139.12,19453.34,18874.55,20846.37
케이카,자유소비재,2024-08-09,매도,11523.48,11193.74,12650.93,13268.52,15028.52
진에어,산업재,2024-08-08,매도,9840.0,11560.0,9700.0,9580.0,8750.0
한올바이오파마,기타,2024-08-08,매도,35500.0,45500.0,39700.0,26650.0,26200.0
씨앤씨인터내셔널,소재,2024-08-07,매도,111540.45,62619.2,35100.0,33400.0,42900.0
솔루엠,정보기술,2024-08-06,매도,16912.4,18196.5,18266.18,16056.32,15857.24
티이엠씨,소재,2024-08-06,매도,10451.78,8961.43,7292.19,6321.85,6449.27
코스메카코리아,소재,2024-08-05,매수,67486.07,77807.47,49118.8,43600.39,67115.77
한미반도체,산업재,2024-08-02,매도,114133.31,90990.16,111957.46,76961.54,84936.83
해성디에스,정보기술,2024-08-02,매도,31689.89,25504.17,24541.73,23607.27,23951.54
리노공업,정보기술,2024-08-02,매도,36808.59,35487.06,42338.3,35528.64,46730.03
DB하이텍,정보기술,2024-08-01,매수,52524.99,35900.11,31177.68,38748.1,45734.65
효성티앤씨,소재,2024-08-01,매도,282098.34,273383.12,213894.27,222507.45,236384.27
일진전기,기타,2024-07-31,매수,22484.31,23513.0,32240.59,23524.24,40857.89
풍산,소재,2024-07-30,매도,54045.98,65211.74,49729.82,55645.41,155944.53
두산,정보기술,2024-07-29,매수,164093.3,207218.47,280907.12,307212.56,553679.75
삼성전기,정보기술,2024-07-29,매도,152179.11,118383.23,132883.27,121883.98,133874.19
주성엔지니어링,산업재,2024-07-25,매수,27627.42,43296.49,35033.44,35881.83,30192.64
SK케미칼,기타,2024-07-19,매도,47211.93,49816.8,40843.89,36529.05,71391.0
한일시멘트,기타,2024-07-18,매도,12968.87,12666.23,14354.73,15027.9,18469.63
테크윙,산업재,2024-07-17,매수,52358.7,37257.14,45864.55,30160.93,28914.61
케이씨텍,기타,2024-07-16,매수,52459.7,37576.47,33057.47,24418.18,27687.15
성광벤드,소재,2024-07-16,매수,13117.38,13530.68,27093.18,27440.53,29425.38
롯데쇼핑,기타,2024-07-16,매도,55292.26,57370.24,48425.9,60103.61,76188.46
SBS,통신서비스,2024-07-16,매도,16860.5,15430.15,23463.63,17928.37,22336.98
대주전자재료,정보기술,2024-07-15,매수,121557.27,117568.51,79181.64,83275.52,69296.41
디와이파워,산업재,2024-07-15,매도,12935.27,11801.09,10732.52,11109.45,12459.56
제이엘케이,정보기술,2024-07-15,매도,10950.0,11125.0,8660.0,6610.0,6760.0
신세계인터내셔날,기타,2024-07-12,매도,14127.84,12723.42,9961.1,8903.46,11951.93
삼성증권,금융,2024-07-11,매수,39233.9,38881.63,41987.23,40134.86,67445.55
디아이,기타,2024-07-11,매수,21513.39,15417.11,16642.35,12007.39,14903.0
대상,필수소비재,2024-07-10,매수,24478.67,18601.94,17981.88,21253.45,21973.1
제이브이엠,산업재,2024-07-09,매수,25347.69,20553.46,19689.11,19494.16,23880.35
현대오토에버,정보기술,2024-07-09,매도,173348.09,155974.0,132023.31,110953.3,165385.09
아세아시멘트,기타,2024-07-09,매도,10209.07,10409.8,10065.55,9575.5,12104.14
세아제강,소재,2024-07-08,매도,116942.3,109170.82,111021.17,174328.66,153293.97
CJ,금융,2024-07-08,매도,108612.34,110052.83,93919.43,128968.82,151791.67
제이에스코퍼레이션,기타,2024-07-05,매수,8506.58,6504.5,6937.74,8262.4,11064.39
LG생활건강,소재,2024-07-04,매수,341750.28,374157.59,300995.56,310187.69,317135.88
NH투자증권,금융,2024-07-04,매수,11712.24,12072.34,12594.49,13487.85,19231.26
피에스케이홀딩스,산업재,2024-07-03,매수,61258.57,43168.14,37163.4,34135.63,34428.64
원텍,헬스케어,2024-07-03,매도,7662.07,6726.47,4328.38,6205.8,11369.02
애경케미칼,소재,2024-07-02,매수,12823.21,10924.88,6736.89,6431.12,10465.37
세아제강지주,금융,2024-07-02,매수,180388.41,171246.09,177439.28,236201.81,206986.08
세아베스틸지주,소재,2024-07-02,매도,18769.15,19000.29,18269.87,17190.68,31126.14
삼성증권,금융,2024-06-28,매수,35050.71,38793.56,42272.21,44362.08,67920.52
자화전자,정보기술,2024-06-27,매수,24500.0,17460.0,12300.0,13310.0,15030.0
LG디스플레이,정보기술,2024-06-27,매수,10750.0,10880.0,9440.0,9160.0,9010.0
풍산,소재,2024-06-27,매도,59112.8,54890.45,48885.35,65263.13,133470.45
파마리서치,헬스케어,2024-06-27,매도,154024.92,191890.2,262789.0,323803.44,485210.06
제이에스코퍼레이션,기타,2024-06-26,매수,8639.14,6614.2,6669.05,8419.64,11597.85
CJ제일제당,필수소비재,2024-06-26,매수,380502.12,302389.0,254802.94,258902.69,233173.78
이마트,기타,2024-06-26,매도,52750.42,58833.35,66151.88,78507.83,81662.24
케이씨텍,기타,2024-06-25,매수,42930.5,31829.48,26573.69,36201.12,26151.72
제일기획,기타,2024-06-25,매도,16322.09,16119.05,16551.6,17063.27,19190.27
DB하이텍,정보기술,2024-06-25,매도,49537.33,36574.74,32382.38,47369.8,46626.55
쿠쿠홈시스,기타,2024-06-25,매도,21157.0,19794.96,18932.33,20103.15,25819.69
티이엠씨,소재,2024-06-25,매도,15251.85,8884.01,7945.29,7615.63,6312.05
영원무역홀딩스,금융,2024-06-24,매수,74184.64,81548.56,79471.8,90304.62,126909.12
제주항공,산업재,2024-06-24,매도,10480.0,8960.0,8460.0,7050.0,7120.0
드림텍,정보기술,2024-06-24,매도,8298.42,7836.87,7026.81,6844.96,5963.92
LX하우시스,기타,2024-06-21,매수,41611.99,37688.16,32989.25,30250.0,31600.0
씨앤씨인터내셔널,소재,2024-06-21,매도,114475.73,90406.47,43344.23,45000.0,33050.0
HL만도,정보기술,2024-06-20,매수,44143.6,32430.06,42013.87,39012.88,32568.69
LX인터내셔널,기타,2024-06-20,매수,26420.69,26955.34,26108.81,24687.05,29240.97
동국제강,소재,2024-06-20,매도,9243.7,7545.5,7664.83,8821.44,9020.63
SBS,통신서비스,2024-06-20,매도,17634.46,14812.95,15204.82,20426.58,26353.72
에스티아이,산업재,2024-06-19,매수,39029.73,18826.68,15385.77,21293.71,19870.81
코미코,산업재,2024-06-19,매수,85847.74,53678.85,35289.76,55862.88,67114.42
농심,필수소비재,2024-06-18,매도,543801.25,375319.97,359782.78,382784.28,385736.34
대한전선,기타,2024-06-17,매수,15650.0,11410.0,12040.0,13010.0,16260.0
오리온,필수소비재,2024-06-17,매수,99236.61,85738.91,96575.09,107527.13,109767.28
유니드,소재,2024-06-13,매도,98318.56,67451.11,59734.24,81023.8,85319.05
동성화인텍,소재,2024-06-13,매도,11450.39,10536.28,12970.69,22453.89,25556.07
한화,소재,2024-06-13,매도,25583.73,26689.79,26497.44,51784.04,91092.38
유한양행,기타,2024-06-11,매도,75070.91,118746.73,108248.69,119860.74,106730.77
토니모리,소재,2024-06-10,매수,11870.51,8834.32,5298.63,8462.14,9322.83
롯데웰푸드,필수소비재,2024-06-10,매수,168013.89,125703.48,99259.47,110687.06,118438.12
대상,필수소비재,2024-06-10,매수,24247.3,18833.31,17639.45,22766.55,21349.4
코스메카코리아,소재,2024-06-10,매도,60042.75,87632.64,47141.01,43302.1,50908.55
셀트리온,기타,2024-06-05,매도,172861.62,178947.67,167683.95,175707.14,154162.66
한국가스공사,에너지 / 유틸리티,2024-06-04,매수,36695.92,47592.93,37301.31,34542.02,40177.57
LS,금융,2024-06-03,매도,165891.45,104634.71,87732.94,111054.29,159696.27
비에이치,정보기술,2024-05-31,매도,25684.82,19906.95,16721.84,15119.24,12036.3
하이브,기타,2024-05-31,매도,199545.67,187074.09,211019.56,250429.84,289090.53
한미약품,기타,2024-05-30,매도,284161.56,294345.59,277469.12,267521.88,305881.59
호텔신라,기타,2024-05-28,매도,56800.0,48350.0,39800.0,41550.0,48250.0
디아이,기타,2024-05-27,매수,18592.67,14593.82,12310.17,17749.2,14082.75
SK이노베이션,에너지 / 유틸리티,2024-05-27,매도,103229.89,104604.98,117471.88,130044.12,84600.0
엠로,정보기술,2024-05-24,매수,71000.0,47550.0,67700.0,75700.0,50300.0
씨에스윈드,소재,2024-05-23,매도,49128.28,61720.39,39350.32,39891.08,47947.42
한화에어로스페이스,정보기술,2024-05-22,매도,219103.05,313393.66,385185.12,572357.5,821283.0
레이,헬스케어,2024-05-22,매도,11920.0,9040.0,6690.0,8280.0,8050.0
솔루엠,정보기술,2024-05-21,매도,25383.53,18554.86,17629.11,17519.61,15638.24
원텍,헬스케어,2024-05-20,매도,8420.4,5643.15,4338.23,5928.75,9234.23
삼양식품,필수소비재,2024-05-17,매도,442635.0,543256.38,538925.12,810376.25,942569.94
태광,소재,2024-05-17,매도,11869.43,13765.84,13053.49,20548.79,17571.41
삼화전기,정보기술,2024-05-10,매수,67467.98,42071.11,35613.46,32193.0,27881.0
LG생활건강,소재,2024-05-10,매수,457631.09,343714.34,330947.81,290684.12,327061.88
리노공업,정보기술,2024-05-10,매도,55582.14,37391.62,34146.09,39969.72,36367.51
칩스앤미디어,정보기술,2024-05-10,매도,19255.37,15021.36,13866.63,18232.46,16950.73
효성중공업,에너지 / 유틸리티,2024-05-09,매수,315035.22,272768.38,442327.12,445589.78,513797.38
테크윙,산업재,2024-05-08,매수,32736.6,40386.74,46496.91,41527.36,35046.5
세방전지,기타,2024-05-03,매수,97534.13,86581.61,63921.21,77778.28,66173.88
크래프톤,정보기술,2024-05-02,매수,240953.69,291524.22,342094.72,360934.72,373825.25
삼성전기,정보기술,2024-05-02,매수,149541.84,155890.78,117406.47,132883.27,120199.4
제이엘케이,정보기술,2024-04-26,매도,10490.0,15100.0,11140.0,8580.0,7200.0
대덕전자,정보기술,2024-04-25,매도,22443.31,22151.84,16234.97,17196.82,14327.84
코스맥스,소재,2024-04-24,매도,126553.29,147290.19,139828.78,165492.39,160966.44
대한유화,소재,2024-04-24,매도,126231.34,115271.72,101767.9,89509.5,85643.64
현대홈쇼핑,기타,2024-04-24,매도,46963.21,43361.18,43634.75,40123.91,46805.64
삼성증권,금융,2024-04-23,매수,32937.1,39189.86,41611.71,41797.25,42652.19
대한해운,산업재,2024-04-23,매도,1785.0,2040.0,1842.0,1733.0,1560.0
피에스케이홀딩스,산업재,2024-04-22,매수,45896.07,55515.57,47571.11,52546.41,33500.78
롯데관광개발,기타,2024-04-22,매수,9720.0,9880.0,9670.0,8050.0,9660.0
CJ,금융,2024-04-19,매수,111493.31,111109.18,105827.41,91422.59,114311.03
하이트진로,기타,2024-04-18,매수,20288.14,19901.7,19563.56,19150.0,19270.0
두산,정보기술,2024-04-09,매수,146882.8,218593.22,168148.64,291292.78,264392.03
주성엔지니어링,산업재,2024-04-08,매수,36078.74,34694.91,27281.46,31240.65,38127.56
키움증권,금융,2024-04-05,매수,112648.06,123152.22,118534.02,108069.69,122011.05
현대위아,정보기술,2024-04-05,매도,53981.98,55521.57,49170.75,37046.46,43512.06
인터로조,헬스케어,2024-04-05,매도,23617.21,23617.21,23617.21,23905.22,23905.22
제이브이엠,산업재,2024-04-04,매수,30236.85,25537.56,19983.85,18577.94,21004.96
서흥,소재,2024-04-04,매도,21541.79,20003.09,16329.45,12394.2,13615.06
한세실업,기타,2024-04-03,매수,19454.17,17731.99,14579.23,12911.73,10582.62
아모텍,정보기술,2024-04-02,매수,7800.0,6400.0,3630.0,3735.0,6650.0
한미사이언스,금융,2024-04-01,매도,36590.9,31583.65,31435.84,28922.27,27582.81
에이비엘바이오,기타,2024-01-04,매수,23750.0,24850.0,24150.0,31000.0,29900.0
유니드,소재,2024-01-04,매도,62878.15,80693.62,94126.69,74120.0,70578.57
해성디에스,정보기술,2024-01-02,매수,58526.37,50247.03,43870.98,27978.46,22967.91
효성중공업,에너지 / 유틸리티,2023-12-28,매수,159139.47,256058.27,356810.53,333219.78,417261.91
호텔신라,기타,2023-12-28,매도,65400.0,60600.0,55000.0,45050.0,38250.0
한화솔루션,소재,2023-12-28,매도,38795.34,26616.55,29317.49,23571.85,15478.85
대동,산업재,2023-12-28,매도,16671.91,13459.0,10216.69,8384.94,9687.73
셀트리온,기타,2023-12-28,매도,183035.3,167320.61,162052.09,186214.56,176131.73
LX인터내셔널,기타,2023-12-22,매수,27141.94,23212.78,25440.5,26955.34,25796.93
솔루스첨단소재,정보기술,2023-12-22,매수,13064.57,13256.27,16298.52,12109.18,9156.7
롯데지주,금융,2023-12-21,매수,24526.49,26240.39,22374.82,22147.43,19919.05
LS,금융,2023-12-21,매수,89268.74,102680.75,138535.97,106100.18,94181.01
씨에스윈드,소재,2023-12-21,매도,63244.55,49605.26,43023.02,65822.36,40161.18
롯데관광개발,기타,2023-12-21,매도,9260.0,8970.0,9860.0,9420.0,8130.0
SK이노베이션,에너지 / 유틸리티,2023-12-21,매도,135446.27,117570.11,101265.48,110694.66,119239.86
에스티팜,기타,2023-12-21,매도,59475.99,86922.29,91481.5,108528.98,88210.77
팬오션,산업재,2023-12-20,매도,3624.17,4029.32,3727.94,3273.54,3190.07
비에이치,정보기술,2023-12-19,매수,20724.23,16692.7,22674.5,17537.54,16984.03
코미코,산업재,2023-12-19,매수,59170.09,57327.86,84791.45,53678.85,34569.56
신세계인터내셔날,기타,2023-12-19,매도,16677.86,14462.67,16741.35,11858.46,9989.0
동국제강,소재,2023-12-18,매수,11336.61,10427.84,9206.98,7490.42,7683.19
에스티아이,산업재,2023-12-18,매수,28601.74,36326.16,34163.3,20153.89,15257.97
큐리언트,기타,2023-12-18,매도,4810.0,4470.0,3570.0,4310.0,4395.0
메드팩토,기타,2023-12-18,매도,6760.0,15850.0,8390.0,6270.0,4330.0
이수페타시스,정보기술,2023-12-15,매수,29677.48,33008.09,48070.52,33604.63,23016.19
풍산,소재,2023-12-15,매수,34424.63,42317.26,54702.8,52920.03,43302.47
한국타이어앤테크놀로지,기타,2023-12-15,매도,39294.97,47909.2,40909.19,36227.36,33818.26
한섬,기타,2023-12-15,매도,17200.7,18209.44,16538.93,14794.59,14240.83
두산테스나,기타,2023-12-15,매도,57689.27,46359.21,41246.2,28142.71,22732.56
하이트진로,기타,2023-12-14,매도,21640.68,19312.37,19950.0,19853.39,19196.44
파미셀,정보기술,2023-12-14,매도,5308.59,6223.18,5686.36,5139.59,5278.77
지누스,기타,2023-12-12,매도,13929.54,12392.85,13092.81,17633.56,22802.48
대한유화,소재,2023-12-07,매수,162646.97,134548.91,143257.89,100495.8,74564.56
종근당,기타,2023-12-05,매수,111426.27,100062.7,96976.66,115025.34,88560.17
우신시스템,산업재,2023-11-29,매수,8779.08,8317.94,7992.33,6689.87,6522.13
롯데쇼핑,기타,2023-11-29,매수,66131.2,69205.67,59899.95,55382.61,51588.04
SK가스,기타,2023-11-29,매도,136263.38,143751.47,158564.48,168086.16,188343.19
동아쏘시오홀딩스,금융,2023-11-29,매도,80773.52,99637.19,91516.57,115718.8,95789.45
한화오션,기타,2023-11-28,매수,25550.0,22950.0,30800.0,32700.0,38150.0
솔루엠,정보기술,2023-11-27,매수,27921.88,28071.19,24786.27,18962.99,19371.11
세아제강지주,금융,2023-11-27,매수,185756.23,214303.39,220201.66,162988.53,169083.41
원텍,헬스케어,2023-11-27,매수,9766.31,8755.25,8095.4,5584.05,4407.17
유한양행,기타,2023-11-17,매도,57709.62,61502.68,73288.22,86559.34,131225.53
한솔케미칼,소재,2023-11-16,매수,175296.28,178383.5,180528.09,152717.02,112122.59
티와이홀딩스,금융,2023-11-16,매도,5450.0,4045.0,3800.0,3765.0,3250.0
쏘카,정보기술,2023-11-15,매도,13262.85,17687.11,20583.71,18857.65,17746.63
효성화학,소재,2023-11-15,매도,88300.0,72300.0,57700.0,46250.0,35800.0
와이솔,정보기술,2023-11-14,매수,5610.7,6169.26,7660.26,5820.42,5416.34
두산밥캣,산업재,2023-11-14,매수,36791.25,43413.68,52252.89,37090.22,37753.39
성광벤드,소재,2023-11-14,매수,11241.09,10991.83,12005.4,15055.96,14485.21
인텍플러스,산업재,2023-11-13,매수,32050.0,32300.0,28300.0,16400.0,12470.0
세아제강,소재,2023-11-10,매도,107813.07,124158.68,124713.79,110281.03,105470.12
POSCO홀딩스,소재,2023-11-09,매도,430591.53,420305.94,384583.59,299601.47,330816.0
HL만도,정보기술,2023-11-09,매도,32546.75,31752.41,37754.39,31558.8,34995.42
클리오,소재,2023-11-08,매수,29349.25,27138.74,32700.74,29967.69,21337.0
효성티앤씨,소재,2023-11-08,매수,332145.34,278428.81,343563.72,251365.7,277970.09
한올바이오파마,기타,2023-11-08,매수,36100.0,33100.0,35850.0,30700.0,44200.0
진에어,산업재,2023-11-08,매수,11370.0,13150.0,13900.0,9810.0,11620.0
S-Oil,에너지 / 유틸리티,2023-11-08,매도,65639.59,68855.52,69950.04,64477.42,58617.8
이마트,기타,2023-11-08,매도,74481.94,76789.31,60924.36,53890.97,61114.45
이노션,기타,2023-11-08,매도,18387.55,18788.65,20193.98,16661.46,18220.69
SKC,소재,2023-11-08,매도,87200.0,81100.0,115300.0,114100.0,143900.0
DL,소재,2023-11-06,매도,45146.97,56271.24,54233.83,52875.56,39729.43
종근당홀딩스,기타,2023-11-06,매도,51851.93,58109.16,58581.59,49510.89,52723.43
씨앤씨인터내셔널,소재,2023-11-03,매수,54791.8,63597.62,79252.43,111540.45,65554.48
피엔에이치테크,소재,2023-10-31,매수,20658.58,20227.2,15261.47,14465.8,6509.13
대덕전자,정보기술,2023-10-26,매수,20868.64,26049.82,22151.84,20937.38,16730.47
멕아이씨에스,헬스케어,2023-10-26,매도,3295.0,3150.0,2665.0,2405.0,2630.0
두산,정보기술,2023-10-26,매도,72350.35,79087.43,131452.67,192381.83,204745.72
CJ,금융,2023-10-25,매수,76913.62,84980.16,117639.37,110629.02,103042.48
하이록코리아,소재,2023-10-24,매수,21921.32,23368.3,24336.22,25211.96,22815.21
금호석유화학,소재,2023-10-23,매수,112002.65,104114.44,118451.83,146741.7,131345.84
한화오션,기타,2023-10-23,매수,24400.0,22250.0,32200.0,30100.0,31350.0
SNT모티브,정보기술,2023-10-23,매도,19405.78,19325.16,20495.02,19857.1,20585.81
삼익THK,산업재,2023-10-17,매도,10359.77,10172.3,13209.25,11941.4,9445.01
삼양식품,필수소비재,2023-10-16,매수,191554.17,203225.47,240400.86,587866.88,524010.19
국도화학,소재,2023-10-12,매수,44575.2,36322.77,33702.01,36000.92,31357.12
와이지엔터테인먼트,기타,2023-10-12,매도,59529.12,44347.96,42516.62,38507.49,37270.1
DB손해보험,금융,2023-10-11,매도,75499.63,66856.59,85583.2,98997.5,102038.07
한미약품,기타,2023-10-10,매수,309247.81,345655.5,306477.94,277965.5,326609.47
제일기획,기타,2023-10-10,매수,17359.72,16586.91,16684.02,16198.5,15810.09
한화에어로스페이스,정보기술,2023-10-06,매도,106141.84,144215.59,248534.8,256165.25,291464.91
드림텍,정보기술,2023-10-04,매수,12461.86,12103.82,10295.31,8788.22,8062.93
두산밥캣,산업재,2023-10-04,매수,44195.5,45529.18,50200.11,48695.72,38463.94
씨에스윈드,소재,2023-10-04,매도,47291.4,67253.28,54470.39,44310.85,65822.36
한화솔루션,소재,2023-10-04,매도,27150.62,37911.39,28531.76,26027.25,25388.85
CJ,금융,2023-09-26,매수,84136.0,91076.98,106459.71,112357.59,119656.04
동성화인텍,소재,2023-09-26,매수,11477.66,11402.27,11681.32,11748.67,11334.92
롯데관광개발,기타,2023-09-26,매수,14030.0,9220.0,9150.0,9660.0,9430.0
농심,필수소비재,2023-09-26,매도,441719.34,392799.28,358811.72,492334.34,370950.12
클리오,소재,2023-09-25,매수,27124.39,29727.95,27090.79,39365.56,29056.67
메리츠금융지주,금융,2023-09-25,매수,55645.39,56215.13,83669.95,75659.0,94054.52
피엔에이치테크,소재,2023-09-22,매수,22048.6,23438.62,17734.75,16018.79,8704.41
와이지엔터테인먼트,기타,2023-09-22,매도,65334.44,52149.48,43803.5,39992.36,32568.03
심텍,정보기술,2023-09-20,매수,37525.39,36146.5,28532.86,35703.16,17723.01
티와이홀딩스,금융,2023-09-20,매도,6730.0,4670.0,3550.0,3405.0,3415.0
S-Oil,에너지 / 유틸리티,2023-09-19,매수,77813.11,66321.31,77910.22,66566.96,59515.01
두산,정보기술,2023-09-19,매도,115799.62,89534.77,158174.84,216615.0,157367.34
비에이치,정보기술,2023-09-18,매수,21443.82,21108.01,16692.7,22140.41,18673.69
해성디에스,정보기술,2023-09-18,매수,58752.47,52484.3,45441.2,42158.02,26027.58
동국제강,소재,2023-09-15,매수,10730.76,10987.79,10538.0,9225.34,7407.81
한미반도체,산업재,2023-09-14,매도,52973.73,57700.01,97023.2,158243.75,96528.7
파마리서치,헬스케어,2023-09-13,매수,121005.25,103900.3,87859.29,129668.87,180254.52
두산테스나,기타,2023-09-13,매수,51851.07,55413.36,45963.4,41444.73,28936.86
올릭스,기타,2023-09-13,매수,19970.0,13230.0,17060.0,14170.0,16980.0
SBS,통신서비스,2023-09-13,매도,29055.53,24245.01,24002.46,18751.31,14920.71
동아쏘시오홀딩스,금융,2023-09-13,매도,88616.48,87895.3,108122.77,92611.48,110208.37
한화시스템,정보기술,2023-09-12,매수,12637.8,15686.3,17651.39,17082.31,16886.07
화신,정보기술,2023-09-11,매수,11071.95,10550.58,11152.05,10413.69,8045.2
코스모신소재,소재,2023-09-11,매도,145900.0,153500.0,167600.0,165200.0,111800.0
하나머티리얼즈,정보기술,2023-09-08,매수,45891.35,48386.51,47550.63,48876.95,32568.25
호텔신라,기타,2023-09-08,매수,87828.09,64201.23,59200.0,56800.0,47050.0
하나마이크론,정보기술,2023-09-08,매수,24442.43,22391.61,22682.39,17776.95,12105.07
대양전기공업,기타,2023-09-08,매도,11131.74,11624.29,12757.17,15170.69,12018.34
삼양식품,필수소비재,2023-09-07,매수,189581.42,211084.42,188553.59,581918.81,486225.78
피에이치에이,정보기술,2023-09-07,매도,8061.93,8372.73,11201.07,11954.9,9703.09
이노션,기타,2023-09-07,매도,17310.89,18915.32,18493.1,19268.05,17516.8
HL홀딩스,금융,2023-09-07,매도,29734.18,27985.11,29563.54,31597.12,31190.29
DL,소재,2023-09-06,매도,36536.23,45955.72,45987.18,52390.46,44774.44
덕산네오룩스,정보기술,2023-09-05,매수,45600.0,44550.0,40000.0,44750.0,33700.0
아세아제지,소재,2023-09-05,매도,6736.32,7560.82,9204.32,7679.68,7237.35
국도화학,소재,2023-09-04,매수,50381.58,35106.32,36506.68,32736.47,30483.54
인탑스,정보기술,2023-09-04,매수,28215.26,25888.23,29438.85,22896.89,23383.61
태광,소재,2023-09-04,매도,19400.38,14407.63,12312.25,11185.95,13140.12
한솔케미칼,소재,2023-09-04,매도,164587.48,196810.34,172787.91,184919.33,136127.94
현대백화점,기타,2023-08-30,매수,65308.68,47868.3,49742.39,47840.19,44844.24
한세실업,기타,2023-08-30,매수,17349.54,19460.34,19226.37,18451.84,15745.57
포스코인터내셔널,기타,2023-08-30,매도,74164.05,53264.95,52617.64,43802.59,51150.12
와이지엔터테인먼트,기타,2023-08-29,매수,77633.84,52936.64,41675.2,43853.0,35141.8
유니드,소재,2023-08-29,매도,53416.88,70353.93,74786.89,105940.15,77835.52
디와이파워,산업재,2023-08-25,매수,11518.64,11482.36,12541.59,12400.99,11576.13
솔루엠,정보기술,2023-08-25,매수,30659.32,28369.82,27324.62,25383.53,18554.86
파마리서치,헬스케어,2023-08-25,매수,137621.48,110449.05,93282.7,134007.61,179071.22
LX인터내셔널,기타,2023-08-24,매수,26455.89,25769.84,25173.17,29316.72,26554.36
하나투어,기타,2023-08-24,매도,41578.25,47357.8,54517.54,56106.5,43622.8
POSCO홀딩스,소재,2023-08-22,매도,521200.62,441344.62,415630.69,379380.12,314843.56
한국앤컴퍼니,금융,2023-08-22,매도,9440.31,11059.63,15863.68,13526.82,15319.89
제일기획,기타,2023-08-18,매수,15907.51,17067.61,16436.84,16869.39,15351.06
한전KPS,통신서비스,2023-08-18,매도,28326.63,29792.55,31233.68,32930.67,37792.3
경동나비엔,기타,2023-08-17,매도,47877.13,47345.16,48805.61,52868.66,64617.26
케이씨,기타,2023-08-16,매도,17349.21,14760.2,22579.3,21561.78,20447.35
한독,기타,2023-08-11,매도,13238.05,11744.04,13560.58,13231.95,13260.95
코스모화학,소재,2023-08-11,매도,45560.39,36700.0,30500.0,31500.0,17220.0
세아제강지주,금융,2023-08-10,매수,193163.11,183612.16,201523.83,232981.22,171934.23
성광벤드,소재,2023-08-09,매수,16419.57,13184.23,10716.3,11287.05,12182.53
메드팩토,기타,2023-08-07,매도,12559.73,7830.0,11220.0,9330.0,7850.0
HL만도,정보기술,2023-08-04,매도,42553.8,31927.27,34075.76,38141.62,38577.25
LS,금융,2023-08-04,매도,108082.37,76502.35,89003.01,134921.14,114502.23
SNT모티브,정보기술,2023-08-03,매도,21427.68,17735.53,19550.13,20742.48,19834.33
아모텍,정보기술,2023-08-03,매도,11080.0,7030.0,8020.0,7330.0,5720.0
LG전자,정보기술,2023-07-31,매수,104906.52,99777.32,91996.9,88582.38,107993.28
세아베스틸지주,소재,2023-07-28,매수,24684.36,17984.32,18584.23,19555.05,18538.0
파미셀,정보기술,2023-07-28,매도,6501.54,6064.12,5636.65,5746.01,5189.3
유한양행,기타,2023-07-27,매수,64361.22,53962.25,59620.96,70911.31,95571.8
현대백화점,기타,2023-07-27,매수,52506.7,50651.34,44891.79,47554.87,44749.13
오리온,필수소비재,2023-07-27,매도,109163.59,112548.51,88115.27,87925.16,86214.17
파크시스템스,기타,2023-07-26,매수,180999.03,153397.41,186891.64,145293.81,163206.77
한화,소재,2023-07-25,매수,31193.7,21247.21,22265.54,25679.91,28036.3
케이씨텍,기타,2023-07-25,매도,21364.85,20974.62,31927.72,34874.89,42341.07
하이트진로,기타,2023-07-25,매도,18220.8,19184.67,20481.36,20336.44,19756.78
인터로조,헬스케어,2023-07-24,매도,31398.62,27677.3,26510.08,23617.21,23617.21
이녹스첨단소재,정보기술,2023-07-20,매수,46567.07,28953.62,28891.22,28404.83,33365.95
대웅제약,기타,2023-07-20,매도,96493.78,106410.92,110377.78,111766.18,121484.98
삼성중공업,기타,2023-07-17,매수,8470.0,7820.0,7350.0,8910.0,9830.0
유진테크,산업재,2023-07-17,매도,33378.94,40094.23,42188.31,47945.77,47945.77
인텍플러스,산업재,2023-07-14,매수,41350.0,31550.0,30200.0,35900.0,22550.0
대한항공,산업재,2023-07-12,매수,23534.08,18663.39,21332.95,19876.29,21332.95
이마트,기타,2023-07-12,매도,71436.21,64975.57,64975.57,60354.08,54936.48
강원랜드,기타,2023-07-12,매도,14380.89,12229.15,13473.23,13543.64,12267.59
효성중공업,에너지 / 유틸리티,2023-07-11,매수,130278.22,157475.97,171721.22,291935.91,305205.72
대한유화,소재,2023-07-11,매도,128814.84,129300.93,143062.19,138952.33,124176.41
JB금융지주,금융,2023-07-11,매도,6968.89,8715.33,8976.88,11237.52,14363.7
콘텐트리중앙,통신서비스,2023-07-11,매도,15540.0,12020.0,14940.0,14220.0,11190.0
하이록코리아,소재,2023-07-07,매수,25021.31,22718.47,25073.68,23829.21,25442.41
한국콜마,소재,2023-07-06,매수,44266.14,47987.21,52303.76,50348.48,65501.9
현대로템,정보기술,2023-07-04,매도,37507.23,26359.11,26611.29,37802.96,40588.44
LG생활건강,소재,2023-06-30,매도,446242.81,425826.47,344205.38,373175.56,353534.75
코스모신소재,소재,2023-06-30,매도,184077.83,142000.0,148800.0,168200.0,146600.0
해성디에스,정보기술,2023-06-29,매수,55945.83,52577.85,49771.2,45298.46,42443.51
세아제강,소재,2023-06-29,매수,134875.45,120733.18,123788.61,129524.7,117682.45
씨에스윈드,소재,2023-06-29,매수,81138.59,51599.22,62960.52,48555.91,43166.11
와이지엔터테인먼트,기타,2023-06-29,매도,77141.87,61792.21,49050.03,45139.88,38457.99
대상,필수소비재,2023-06-29,매도,15183.82,16644.31,18879.58,18074.42,25542.96
이수페타시스,정보기술,2023-06-28,매수,25168.88,25862.51,28339.76,37382.66,51798.85
LX인터내셔널,기타,2023-06-28,매수,29586.0,24354.85,27356.33,23034.57,26197.92
원익머트리얼즈,소재,2023-06-28,매도,29732.26,24649.0,28917.02,32917.21,31760.53
에스티팜,기타,2023-06-27,매도,76679.79,74811.95,60459.06,91283.27,91977.06
대덕전자,정보기술,2023-06-23,매수,28928.25,24850.47,26529.56,21876.09,21714.63
피에스케이,산업재,2023-06-23,매도,20662.08,18292.57,19240.38,25701.07,31922.93
엠씨넥스,기타,2023-06-22,매도,27929.97,24973.22,27566.06,23306.89,20985.49
두산밥캣,산업재,2023-06-21,매수,49882.92,51231.83,43321.7,46724.89,49733.56
콘텐트리중앙,통신서비스,2023-06-21,매도,17530.0,14800.0,16310.0,13620.0,12040.0
효성중공업,에너지 / 유틸리티,2023-06-20,매수,95337.34,179834.28,169477.84,241805.48,368114.47
한국콜마,소재,2023-06-20,매수,42284.8,50645.11,52288.18,43993.82,66479.55
하이록코리아,소재,2023-06-20,매수,21567.04,23958.46,24755.6,24658.86,25073.68
두산,정보기술,2023-06-20,매도,97345.88,128004.47,89534.77,158174.84,214142.23
씨앤씨인터내셔널,소재,2023-06-19,매수,46817.64,67707.02,63793.31,66337.22,99016.61
비나텍,기타,2023-06-16,매수,62963.7,50370.96,40243.93,42672.21,49560.8
삼성SDI,기타,2023-06-16,매도,722541.12,580418.19,426865.75,457682.25,391445.31
동국제강,소재,2023-06-16,매도,13622.29,9922.97,10795.02,10675.69,9344.67
후성,소재,2023-06-16,매도,13700.0,11800.0,11750.0,8770.0,7590.0
효성,금융,2023-06-16,매도,68101.2,67048.64,70522.12,63523.41,65064.71
이오테크닉스,산업재,2023-06-15,매수,101530.18,151158.38,140679.11,183448.64,196537.95
하나마이크론,정보기술,2023-06-15,매수,17201.78,22977.56,23396.09,22766.24,18992.83
한전KPS,통신서비스,2023-06-15,매도,28800.9,28369.75,31215.35,34444.2,33389.31
솔루엠,정보기술,2023-06-14,매수,27225.08,29415.03,27523.71,27374.39,23342.89
레이,헬스케어,2023-06-14,매수,39300.0,23800.0,21900.0,15600.0,11120.0
아모레퍼시픽,소재,2023-06-14,매도,100078.8,123953.47,124148.38,112614.18,172747.0
대웅제약,기타,2023-06-14,매도,110080.27,107105.12,109981.09,118311.49,106311.76
이녹스첨단소재,정보기술,2023-06-13,매수,41210.65,33344.92,30015.25,31809.52,31906.8
이마트,기타,2023-06-13,매도,74389.64,66359.98,67929.01,64883.27,56932.43
현대그린푸드,기타,2023-06-13,매도,11726.16,10735.34,10135.4,10898.16,11356.54
하나머티리얼즈,정보기술,2023-06-12,매수,49316.08,45353.18,47848.34,49122.55,51382.2
호텔신라,기타,2023-06-12,매도,73871.3,89622.53,64600.0,57900.0,56400.0
태광,소재,2023-06-12,매도,17070.43,18164.08,13970.17,11080.06,11802.05
한솔제지,소재,2023-06-12,매도,9604.72,9010.79,8975.23,9113.58,9721.78
신세계인터내셔날,기타,2023-06-12,매도,16477.69,18115.45,15540.53,14909.1,16322.81
세아제강지주,금융,2023-06-08,매수,167628.94,189459.69,188680.0,212828.83,215777.95
하나투어,기타,2023-06-02,매수,45546.3,41966.43,46581.45,55035.11,53488.2
피에이치에이,정보기술,2023-06-01,매수,9766.61,9022.58,8711.78,11404.03,12051.54
LG유플러스,통신서비스,2023-06-01,매도,9360.52,9100.1,9048.24,9173.34,8778.02
아모텍,정보기술,2023-06-01,매도,12050.0,10380.0,7850.0,8500.0,7570.0
SBS,통신서비스,2023-05-31,매수,31749.42,27035.11,24726.06,25227.08,19388.11
하이브,기타,2023-05-30,매수,274522.03,243190.7,210864.72,217005.94,200044.55
제이브이엠,산업재,2023-05-26,매도,21965.21,28694.98,24956.21,27768.54,26391.97
포스코인터내셔널,기타,2023-05-26,매도,26262.58,74256.52,53542.37,54467.11,44838.78
인탑스,정보기술,2023-05-25,매수,33595.81,25500.39,28166.78,29194.75,25435.56
코스맥스,소재,2023-05-25,매수,80875.98,134921.98,115426.81,110273.84,159596.69
서진시스템,정보기술,2023-05-24,매도,16380.0,15110.0,18290.0,21900.0,24850.0
삼성중공업,기타,2023-05-23,매수,6040.0,8210.0,7720.0,7310.0,9920.0
한올바이오파마,기타,2023-05-19,매수,21850.0,22350.0,36850.0,35200.0,33550.0
대동,산업재,2023-05-19,매도,11374.06,9738.07,13487.22,14036.93,11568.47
진에어,산업재,2023-05-18,매수,15100.0,14460.0,11220.0,12850.0,13500.0
SKC,소재,2023-05-18,매도,93200.0,95300.0,90700.0,82500.0,110600.0
화신,정보기술,2023-05-17,매수,15925.4,12636.05,9735.35,12187.67,10231.5
인터로조,헬스케어,2023-05-15,매도,33677.93,32003.34,28188.99,30066.89,23617.21
에스엘,정보기술,2023-05-12,매수,29416.14,30765.5,26807.37,31197.72,30643.91
대웅,기타,2023-05-10,매도,14763.67,13418.84,16079.05,24148.02,19318.41
에스앤에스텍,정보기술,2023-05-09,매수,49329.86,51993.67,43262.29,39452.1,42818.14
대한유화,소재,2023-05-09,매도,135522.92,134745.19,152439.0,137386.66,139441.59
현대코퍼레이션,기타,2023-05-08,매수,16709.42,20456.82,16673.21,17823.54,16552.43
한세실업,기타,2023-05-04,매도,14829.04,15799.83,20350.97,17923.35,19909.77
쿠쿠홈시스,기타,2023-05-03,매도,21869.49,19288.89,17932.99,18569.12,20793.79
동아쏘시오홀딩스,금융,2023-05-03,매도,72793.34,74733.54,85190.82,98177.29,101827.01
하이트진로,기타,2023-04-28,매도,20621.2,18767.61,19694.41,20722.88,20336.44
효성화학,소재,2023-04-27,매도,106400.0,81500.0,86500.0,75800.0,58300.0
한화시스템,정보기술,2023-04-26,매수,13940.17,14798.76,11933.55,18210.66,16621.16
두산에너빌리티,산업재,2023-04-25,매수,18100.0,17280.0,13860.0,15010.0,14690.0
세아베스틸지주,소재,2023-04-25,매수,21334.34,25125.15,18336.95,18676.69,19000.29
동성화인텍,소재,2023-04-20,매수,10525.9,14144.47,11355.16,11479.25,11633.21
롯데관광개발,기타,2023-04-20,매수,11710.0,10560.0,10090.0,9390.0,9330.0
화승엔터프라이즈,기타,2023-04-20,매도,8090.78,8129.96,,,7306.4
KG스틸,소재,2023-04-19,매수,11962.08,7725.51,6666.37,7064.37,6235.94
아모그린텍,정보기술,2023-04-19,매도,20250.0,16760.0,12530.0,12470.0,10100.0
에이비엘바이오,기타,2023-04-17,매수,23050.0,18550.0,19350.0,23350.0,22200.0
신세계,기타,2023-04-14,매수,197783.67,179404.72,166436.83,158046.78,157951.34
유니드,소재,2023-04-14,매도,66445.39,58069.92,56394.82,61925.45,82503.75
클리오,소재,2023-04-07,매수,22295.96,18688.85,25562.25,28960.78,30207.43
인텍플러스,산업재,2023-04-06,매수,20600.0,34500.0,30650.0,30950.0,36600.0
한화에어로스페이스,정보기술,2023-04-06,매도,121611.91,142560.97,109794.5,141381.42,227823.56
에스원,기타,2023-04-06,매도,47558.18,46943.96,50102.81,55048.59,55323.83
강원랜드,기타,2023-04-05,매도,16557.54,14389.19,12245.77,13939.65,14538.07
현대백화점,기타,2023-04-04,매도,49816.42,46244.86,54918.66,48981.51,49076.62
풍산,소재,2023-04-03,매수,35334.13,39517.84,29013.1,36499.81,47196.41
두산테스나,기타,2023-04-03,매도,40521.02,41658.98,42302.16,60064.13,49872.03
SK네트웍스,기타,2023-03-31,매수,3877.32,4264.63,5250.09,5026.32,5258.7
두산밥캣,산업재,2023-03-30,매수,38545.89,52059.63,47276.76,45759.12,46632.91
동원시스템즈,기타,2023-03-30,매도,41138.63,36109.0,28517.09,32740.09,43795.8
에스앤에스텍,정보기술,2023-03-29,매수,38723.94,58406.55,44347.54,42867.65,45342.69
대신증권,금융,2023-03-29,매도,10484.85,11359.99,12235.13,12201.48,15198.01
메리츠금융지주,금융,2023-03-28,매수,37413.45,39834.88,55645.39,56215.13,83274.35
한미사이언스,금융,2023-03-28,매수,36595.01,32881.76,31464.87,37376.74,41355.09
티와이홀딩스,금융,2023-03-28,매수,10492.83,8670.0,6250.0,4500.0,3355.0
엘앤에프,기타,2023-03-28,매도,289000.0,250500.0,175500.0,178800.0,186100.0
와이지엔터테인먼트,기타,2023-03-24,매수,56380.47,78027.43,78519.4,53035.04,44743.92
코스맥스,소재,2023-03-24,매수,74120.23,89368.91,128069.72,116005.88,101262.01
더네이쳐홀딩스,기타,2023-03-24,매도,24025.22,22799.89,21880.89,16060.58,13448.94
덕산네오룩스,정보기술,2023-03-23,매수,44500.0,43100.0,44000.0,45150.0,40250.0
한샘,필수소비재,2023-03-23,매도,41550.88,33287.92,47217.19,45041.8,40400.09
유진테크,산업재,2023-03-22,매수,27848.7,32737.04,43303.74,39501.71,34644.05
파크시스템스,기타,2023-03-22,매도,133838.0,182289.73,172758.25,163028.2,157733.38
아이에스동서,기타,2023-03-21,매수,37099.98,32262.78,29422.59,24940.42,26700.74
대한해운,산업재,2023-03-21,매수,2195.0,1957.0,1815.0,2215.0,1969.0
LX인터내셔널,기타,2023-03-21,매도,24740.76,29671.76,25555.44,26027.11,23391.0
대웅제약,기타,2023-03-21,매도,104427.5,107204.29,107501.8,107600.98,111964.52
효성티앤씨,소재,2023-03-17,매수,374109.94,339288.25,326341.72,325448.84,269254.88
솔루엠,정보기술,2023-03-17,매수,23790.83,26777.13,27772.56,27623.25,27374.39
유니드,소재,2023-03-17,매도,67469.05,62629.89,58535.22,65514.78,70690.28
천보,소재,2023-03-17,매도,224500.0,197000.0,140000.0,118300.0,87400.0
레이,헬스케어,2023-03-14,매수,25800.0,38050.0,25850.0,21900.0,15780.0
BNK금융지주,금융,2023-03-14,매도,5218.44,5823.47,5928.37,6064.85,7125.69
동아쏘시오홀딩스,금융,2023-03-14,매도,81970.46,82415.96,86993.81,89608.12,108214.0
SK,금융,2023-03-13,매도,154802.52,153278.7,133341.2,154614.23,173714.72
원익머트리얼즈,소재,2023-03-13,매도,24649.0,26806.99,24457.18,28293.6,34122.09
넥센타이어,기타,2023-03-10,매수,7158.28,7289.28,7354.78,7991.07,8590.71
현대로템,정보기술,2023-03-09,매도,25169.97,30967.0,30521.07,28836.46,31883.81
드림텍,정보기술,2023-03-08,매수,9795.43,8202.98,11665.63,10341.67,9946.8
다우기술,통신서비스,2023-03-08,매도,17975.64,16350.92,15918.81,15236.08,20265.76
율촌화학,기타,2023-03-07,매수,45026.98,35458.13,30455.14,33029.5,40916.82
한세실업,기타,2023-03-07,매수,15835.46,14544.04,17990.79,19282.21,18087.36
효성중공업,에너지 / 유틸리티,2023-03-07,매수,74140.51,85174.47,180995.75,195030.17,218706.19
한미반도체,산업재,2023-03-07,매수,15980.74,24763.74,57306.15,58881.58,93934.83
신세계인터내셔날,기타,2023-03-07,매도,20426.51,16614.17,16941.72,15103.79,15104.42
와이지-원,소재,2023-03-07,매도,6047.51,6181.5,5002.37,5038.1,5779.93
인텔리안테크,정보기술,2023-03-06,매수,83088.25,69370.74,81875.34,77508.64,54462.1
코스모신소재,소재,2023-03-06,매도,97557.3,177376.92,153825.2,157900.0,177100.0
코웨이,기타,2023-03-06,매도,48776.98,44118.5,39323.01,46310.72,50685.43
나노신소재,소재,2023-03-03,매도,145183.67,134205.89,154282.38,121645.71,133300.55
한진칼,금융,2023-03-02,매수,44354.66,50183.0,42823.48,52850.2,73021.73
케이씨텍,기타,2023-02-28,매도,17355.28,19208.85,20633.18,25950.0,31976.84
한국가스공사,에너지 / 유틸리티,2023-02-28,매도,26124.89,24075.88,22725.39,22911.67,28127.33
한솔제지,소재,2023-02-28,매도,10393.8,9528.36,8841.1,9035.76,9485.38
에스티팜,기타,2023-02-27,매도,74811.95,84544.38,79235.78,65472.75,61152.86
금호석유화학,소재,2023-02-24,매수,152319.84,123306.53,108988.28,122835.55,155401.88
콘텐트리중앙,통신서비스,2023-02-24,매도,24500.0,22400.0,15130.0,13950.0,13250.0
종근당홀딩스,기타,2023-02-23,매도,49822.14,47238.77,49637.62,51021.57,59526.46
솔루스첨단소재,정보기술,2023-02-22,매수,25930.44,19547.18,16343.13,11822.69,11979.51
LG디스플레이,정보기술,2023-02-22,매수,14613.62,14763.31,12480.52,12742.48,12020.0
롯데쇼핑,기타,2023-02-22,매수,75947.55,70953.27,60534.16,68197.8,76794.8
두산,정보기술,2023-02-22,매도,83578.81,94221.45,102227.82,81821.31,95686.02
한화솔루션,소재,2023-02-21,매도,46573.44,45381.03,36802.01,32171.29,33000.59
쏘카,정보기술,2023-02-20,매수,21129.3,16992.72,12895.82,13431.49,18302.14
팬오션,산업재,2023-02-20,매수,5454.38,4783.91,4031.89,3723.84,3918.04
동성화인텍,소재,2023-02-17,매수,10535.33,10422.24,12853.47,11063.03,11084.74
하이록코리아,소재,2023-02-17,매도,21345.62,19042.77,24357.03,21611.33,22769.11
삼양식품,필수소비재,2023-02-15,매수,122436.73,109929.23,174489.88,207138.91,174873.03
키움증권,금융,2023-02-14,매수,93135.21,85227.51,85491.1,79164.93,103683.3
인텍플러스,산업재,2023-02-14,매도,17590.0,18320.0,35100.0,32050.0,32300.0
제일기획,기타,2023-02-13,매도,17317.99,15498.56,15882.48,16900.69,16322.09
진에어,산업재,2023-02-10,매수,17730.0,15510.0,14250.0,11270.0,13040.0
씨앤씨인터내셔널,소재,2023-02-10,매수,32043.42,38745.63,53519.85,56944.34,61934.3
ESR켄달스퀘어리츠,기타,2023-02-09,매수,3519.88,3210.03,3367.49,2898.0,3460.54
신세계푸드,기타,2023-02-06,매도,46676.96,42238.21,38780.66,36070.68,37986.36
더존비즈온,정보기술,2023-02-03,매수,35485.94,32295.64,26700.35,26798.51,45105.92
JB금융지주,금융,2023-02-03,매도,7794.05,6895.69,7238.87,8521.28,9415.6
롯데케미칼,소재,2023-02-01,매수,168919.28,161673.14,141722.8,137488.05,131060.02
우리금융지주,금융,2023-02-01,매도,10460.62,9578.01,9666.04,10001.7,11348.73
제주항공,산업재,2023-01-31,매수,16340.0,14130.0,13060.0,10430.0,12900.0
현대글로비스,산업재,2023-01-31,매도,76031.74,76031.74,79593.59,77858.34,76579.72
SK바이오팜,기타,2023-01-30,매수,76200.0,69000.0,81400.0,74800.0,89300.0
현대모비스,정보기술,2023-01-30,매도,195058.11,210643.84,221046.69,208713.62,198752.28
유한양행,기타,2023-01-27,매도,50683.29,53587.51,60707.53,54336.98,59026.73
한국카본,소재,2023-01-26,매도,10784.35,11152.55,13565.22,11239.75,10488.46
대주전자재료,정보기술,2023-01-25,매도,81669.73,99718.84,108892.97,74988.56,73991.38
롯데관광개발,기타,2023-01-20,매수,14800.0,11710.0,10560.0,10090.0,9390.0
하나투어,기타,2023-01-19,매수,55466.43,50463.23,43130.97,36230.01,49255.57
인터로조,헬스케어,2023-01-19,매수,29584.48,34096.58,32096.37,30700.88,27268.87
CJ제일제당,필수소비재,2023-01-19,매도,322672.5,298346.41,262715.59,267847.22,282491.44
덴티움,헬스케어,2023-01-18,매수,97586.2,143451.73,138084.48,99147.59,127355.48
영풍,소재,2023-01-17,매도,56353.38,53522.01,49959.96,46854.59,46387.8
LG디스플레이,정보기술,2023-01-13,매도,12255.98,15745.66,13827.74,11339.12,13257.04
엠씨넥스,기타,2023-01-12,매수,26747.27,30249.89,26838.25,22198.41,26092.58
멕아이씨에스,헬스케어,2023-01-10,매도,6950.0,3845.0,3420.0,2535.0,3755.0
롯데케미칼,소재,2023-01-09,매수,174565.59,172118.84,142099.22,123089.91,134911.89
대한유화,소재,2023-01-09,매수,175479.84,164980.2,130370.34,127162.12,145214.97
테이팩스,기타,2023-01-09,매도,46508.95,60374.98,48097.77,30331.93,26467.56
효성화학,소재,2023-01-03,매도,96300.0,124200.0,91800.0,84500.0,86300.0
LG유플러스,통신서비스,2023-01-02,매도,9081.73,9157.77,9324.79,9074.17,9191.31
포스코인터내셔널,기타,2023-01-02,매도,19974.36,20436.72,37359.45,62882.23,57703.69
호텔신라,기타,2022-12-29,매수,82843.52,80550.62,72774.69,86831.17,64600.0
코스모신소재,소재,2022-12-29,매수,51045.14,143773.84,185950.14,148400.0,143000.0
피에스케이,산업재,2022-12-29,매수,14596.15,19998.62,21515.1,18406.31,19287.77
한올바이오파마,기타,2022-12-29,매수,17800.0,18250.0,20350.0,25200.0,38050.0
덴티움,헬스케어,2022-12-28,매수,97293.45,116127.59,152722.42,103929.3,125593.45
제주항공,산업재,2022-12-28,매도,15250.0,15170.0,14110.0,11000.0,11620.0
하나투어,기타,2022-12-28,매도,53913.71,51412.11,44683.68,41319.47,45373.78
화승엔터프라이즈,기타,2022-12-28,매도,9334.76,8120.17,7777.34,7512.87,8384.64
대한유화,소재,2022-12-27,매수,171591.09,161285.92,139995.02,134259.09,150980.72
코스모화학,소재,2022-12-23,매수,21088.23,45854.65,52377.29,41150.0,36800.0
진에어,산업재,2022-12-22,매수,16500.0,15590.0,16760.0,12320.0,12090.0
에스에프에이,산업재,2022-12-22,매도,35086.85,35050.23,37220.23,31468.36,28245.69
현대건설,산업재,2022-12-22,매도,33518.73,35091.77,38020.08,35811.84,33987.65
지누스,기타,2022-12-22,매도,29115.1,23647.2,23363.27,20321.18,13876.0
성광벤드,소재,2022-12-21,매수,13405.91,12202.94,14155.8,15282.83,11911.47
삼양식품,필수소비재,2022-12-20,매수,119616.95,111199.52,102991.47,185931.83,208125.3
파미셀,정보기술,2022-12-20,매수,11432.36,9026.6,8002.66,7992.71,5517.36
현대위아,정보기술,2022-12-19,매도,49936.29,51283.91,55928.84,54980.9,57445.56
효성화학,소재,2022-12-15,매도,112500.0,128300.0,105600.0,97000.0,88600.0
서진시스템,정보기술,2022-12-14,매수,18600.0,17150.0,17270.0,15470.0,18270.0
SBS,통신서비스,2022-12-13,매수,33309.93,37473.93,31316.47,25447.64,24389.32
한솔제지,소재,2022-12-12,매수,11657.39,9893.2,9604.72,9053.21,9001.17
한미사이언스,금융,2022-12-12,매수,33004.55,34005.51,35764.41,32490.89,36643.87
더네이쳐홀딩스,기타,2022-12-08,매수,26897.7,22756.13,22887.41,18905.09,15167.83
아모레퍼시픽,소재,2022-12-05,매수,135286.27,140324.69,103879.25,129897.78,125999.88
파마리서치,헬스케어,2022-12-05,매수,66710.54,73502.38,119636.84,129899.81,105952.89
아세아제지,소재,2022-12-02,매수,6824.51,6585.64,5920.87,6754.05,7318.37
두산,정보기술,2022-11-30,매수,92702.25,98615.18,95686.02,113065.73,86410.34
레이,헬스케어,2022-11-28,매수,19150.0,26000.0,36050.0,27000.0,24350.0
대주전자재료,정보기술,2022-11-25,매수,90419.48,92439.37,89946.4,93935.14,79675.35
이수페타시스,정보기술,2022-11-25,매수,6171.25,8056.02,10602.64,35622.88,30866.56
유진테크,산업재,2022-11-25,매도,25099.0,26614.27,30465.69,32786.41,44241.91
신세계푸드,기타,2022-11-24,매도,44444.24,44480.95,40649.61,36537.92,37051.88
와이지엔터테인먼트,기타,2022-11-23,매도,40069.0,53035.04,89342.88,71434.95,53231.83
덴티움,헬스케어,2022-11-18,매수,82789.82,126862.07,158870.34,121104.48,116030.0
한화시스템,정보기술,2022-11-17,매수,11083.53,12743.92,13361.33,13602.51,13795.46
한국가스공사,에너지 / 유틸리티,2022-11-17,매도,32132.21,29198.4,24075.88,23284.21,21794.02
대동,산업재,2022-11-16,매수,10239.77,12036.25,10750.83,10604.76,12260.23
태광,소재,2022-11-16,매수,16986.5,14921.17,16718.56,19067.53,13313.98
에스엘,정보기술,2022-11-15,매수,25351.84,23613.88,29281.2,31080.35,26312.6
한국카본,소재,2022-11-14,매수,10439.45,11840.5,10532.42,13923.73,11094.41
HL만도,정보기술,2022-11-11,매수,47952.79,44221.65,43697.47,40409.43,33833.38
한국앤컴퍼니,금융,2022-11-10,매수,10220.43,11886.52,11016.57,9672.87,12274.13
롯데관광개발,기타,2022-11-10,매도,10500.0,14020.0,10670.0,10600.0,12050.0
에스티팜,기타,2022-11-09,매수,77132.69,79629.02,87690.21,77466.24,71076.27
자화전자,정보기술,2022-11-09,매도,20100.0,27900.0,33500.0,28750.0,24200.0
SK네트웍스,기타,2022-11-09,매도,3432.55,3468.5,4169.95,5189.85,5224.27
해성디에스,정보기술,2022-11-08,매수,36472.16,36720.29,43362.69,65394.86,45280.57
삼성에스디에스,정보기술,2022-11-04,매수,116021.98,117911.53,111492.02,130372.95,131128.2
천보,소재,2022-11-03,매수,220640.91,243500.0,196400.0,190500.0,101500.0
코오롱글로벌,산업재,2022-11-03,매도,19900.33,15481.0,12985.21,11235.49,11725.75
롯데정밀화학,소재,2022-10-28,매도,47738.07,51909.33,55357.86,61982.65,49459.07
원익머트리얼즈,소재,2022-10-27,매수,27493.69,29396.57,25128.56,27957.92,24505.14
코스맥스,소재,2022-10-27,매도,44780.97,75181.84,68908.65,94580.5,127780.18
현대백화점,기타,2022-10-27,매도,50540.92,57145.1,47126.15,50280.26,49074.28
인터로조,헬스케어,2022-10-25,매수,22996.28,28840.21,33119.73,31398.62,28142.47
키움증권,금융,2022-10-25,매도,62724.14,89357.09,87775.55,78725.62,88127.0
대우건설,산업재,2022-10-21,매수,3975.0,4465.0,4215.0,4290.0,4080.0
한솔케미칼,소재,2022-10-21,매도,166050.52,193916.08,221411.64,208387.42,158220.09
나노신소재,소재,2022-10-19,매수,88044.19,80108.15,160315.22,129260.94,132722.41
세아제강지주,금융,2022-10-14,매수,136469.22,153984.72,136442.16,199302.98,192285.97
SKC,소재,2022-10-14,매도,98025.41,93000.0,105800.0,103800.0,70800.0
오리온홀딩스,금융,2022-10-07,매수,12312.9,13133.61,14766.67,12597.9,13168.18
농심,필수소비재,2022-10-05,매수,281826.25,336205.5,356828.62,390401.25,458985.25
성광벤드,소재,2022-09-30,매수,14129.25,12873.33,12008.63,14194.67,14282.11
피에스케이,산업재,2022-09-29,매수,13183.64,15212.22,19856.45,21183.37,18406.31
이수페타시스,정보기술,2022-09-29,매수,4669.87,5806.68,10513.46,24673.43,26357.96
두산밥캣,산업재,2022-09-29,매도,25530.41,32650.63,38545.89,52241.02,48288.52
하이트진로,기타,2022-09-29,매도,24250.09,24745.44,20389.5,20250.48,17877.89
현대백화점,기타,2022-09-28,매도,49815.02,53898.21,49074.28,45178.02,61134.12
제이브이엠,산업재,2022-09-27,매수,17453.17,18512.33,17207.64,27900.49,24488.87
진에어,산업재,2022-09-27,매도,17250.0,16400.0,16150.0,15820.0,12060.0
한화에어로스페이스,정보기술,2022-09-27,매도,68908.9,76223.85,99803.41,141379.22,113662.02
DL,소재,2022-09-26,매수,60103.52,57763.04,49000.4,40912.96,40389.65
세아제강,소재,2022-09-26,매수,118725.33,115799.0,111479.59,127193.22,122479.14
크래프톤,정보기술,2022-09-26,매수,207240.0,170551.58,173427.16,199803.16,147348.62
대한항공,산업재,2022-09-26,매도,19981.7,21437.32,20529.73,21531.18,20438.69
BNK금융지주,금융,2022-09-22,매도,5005.96,5620.19,5252.05,5806.67,6141.62
유진테크,산업재,2022-09-21,매도,23145.77,23927.06,27354.93,31996.38,43303.75
태광,소재,2022-09-20,매수,16327.75,15574.88,14911.66,17308.18,17935.84
와이지엔터테인먼트,기타,2022-09-20,매도,50783.43,45842.07,53822.2,80684.1,78027.42
효성중공업,에너지 / 유틸리티,2022-09-19,매수,59718.92,79270.33,65816.64,93304.76,171026.47
지누스,기타,2022-09-19,매도,27740.79,29435.05,23322.71,23768.88,20726.79
유니드,소재,2022-09-16,매수,130000.43,82939.1,69702.51,60861.74,55836.46
두산,정보기술,2022-09-15,매수,76600.83,81078.73,96955.34,98517.54,145579.44
화신,정보기술,2022-09-13,매수,10756.35,7884.87,10455.79,14949.02,11052.99
한솔제지,소재,2022-09-13,매수,13416.22,11657.39,9893.2,9604.72,9053.21
팬오션,산업재,2022-09-08,매수,4266.23,4840.37,5662.77,4457.73,4113.44
명신산업,정보기술,2022-09-07,매수,23096.73,16235.36,20052.6,21598.83,20100.92
영풍,소재,2022-09-07,매수,61211.2,64087.49,57358.05,49777.29,49959.96
HDC,금융,2022-09-07,매도,5904.03,5182.52,5953.04,6137.06,5640.21
한화솔루션,소재,2022-09-06,매수,58608.06,54830.38,44900.46,46404.66,35388.43
롯데렌탈,정보기술,2022-09-05,매수,31005.34,24624.4,23874.2,25156.33,24537.37
인텍플러스,산업재,2022-09-05,매도,16464.79,14690.14,16800.0,19650.0,40150.0
씨에스윈드,소재,2022-09-01,매수,63085.57,71923.19,63339.23,76120.69,62203.1
유한양행,기타,2022-09-01,매도,49703.3,51741.05,49371.71,56116.98,67452.81
오뚜기,필수소비재,2022-08-31,매수,438236.28,408502.12,416675.78,418540.09,345831.59
경동나비엔,기타,2022-08-31,매도,41321.09,33504.88,35496.78,39752.52,48554.18
코스모신소재,소재,2022-08-30,매수,63560.06,62476.09,71246.4,170774.56,161215.91
현대위아,정보기술,2022-08-30,매도,70415.77,55827.64,51757.88,57824.74,52800.62
오스코텍,기타,2022-08-30,매도,18537.26,18300.0,18170.0,24600.0,30450.0
삼양식품,필수소비재,2022-08-29,매수,108433.27,105515.77,118918.99,104359.48,180013.59
아모그린텍,정보기술,2022-08-29,매수,15550.0,14800.0,13860.0,15830.0,14590.0
롯데관광개발,기타,2022-08-29,매도,11800.0,10500.0,13820.0,11300.0,16110.0
한화에어로스페이스,정보기술,2022-08-26,매수,83114.74,76435.86,93035.27,119140.99,116992.38
코스맥스비티아이,금융,2022-08-26,매도,7575.33,7304.78,7732.42,7671.33,8770.98
이마트,기타,2022-08-26,매도,90963.92,84356.59,109000.21,80757.98,66729.16
후성,소재,2022-08-25,매도,16571.88,13427.22,13840.0,13350.0,11700.0
SK케미칼,기타,2022-08-25,매도,93385.91,86735.84,79852.37,71568.52,59774.29
나노신소재,소재,2022-08-24,매수,84297.62,84297.62,127480.75,131041.12,147161.66
효성,금융,2022-08-24,매도,74013.85,73320.27,73258.79,69890.57,64417.22
SK디앤디,기타,2022-08-23,매수,23457.5,19134.13,18484.16,19098.83,18155.29
레이,헬스케어,2022-08-23,매수,20000.0,19150.0,27550.0,37400.0,26300.0
삼성증권,금융,2022-08-23,매도,26744.67,26625.8,27862.18,29777.96,30152.79
대상,필수소비재,2022-08-19,매수,20623.18,18045.28,18078.09,16991.62,16314.81
기아,자유소비재,2022-08-19,매도,62458.21,53639.62,62128.98,74708.82,67349.19
이오테크닉스,산업재,2022-08-19,매도,75652.05,67950.37,77012.67,79978.49,147895.97
신세계,기타,2022-08-17,매도,205375.89,199874.75,198716.59,191719.55,199649.56
현대오토에버,정보기술,2022-08-16,매수,131188.95,113889.32,114703.45,119369.36,151155.83
삼성전자,정보기술,2022-08-16,매도,56391.57,57616.77,58913.62,60762.06,63905.53
한샘,필수소비재,2022-08-16,매도,44777.37,34901.16,36593.1,37262.01,48358.88
케이카,자유소비재,2022-08-12,매수,17269.91,10889.36,10664.28,11671.71,10013.86
이녹스첨단소재,정보기술,2022-08-11,매도,31548.02,27027.56,29532.69,37639.7,40486.82
솔루엠,정보기술,2022-08-10,매수,20456.13,19211.85,22397.23,25532.84,26976.22
오리온,필수소비재,2022-08-10,매수,99393.95,91367.77,114899.15,138969.67,113958.9
한전KPS,통신서비스,2022-08-10,매수,34583.39,27940.72,29404.51,30827.31,29318.28
현대제철,소재,2022-08-10,매도,30629.17,27701.38,31595.39,33175.16,32664.06
롯데정밀화학,소재,2022-08-10,매도,57662.12,51673.47,53361.34,55993.11,54904.1
SBS,통신서비스,2022-08-09,매수,39812.85,26198.82,33433.1,34876.25,24918.48
셀트리온,기타,2022-08-09,매수,183834.56,159062.55,153197.52,147127.61,136527.88
피에이치에이,정보기술,2022-08-09,매도,6519.19,5640.19,6865.82,8222.04,9314.54
하나투어,기타,2022-08-09,매도,43993.59,43130.96,55293.9,48479.21,41966.43
하이트진로,기타,2022-08-08,매도,28097.89,24339.57,24189.37,21038.26,18906.63
코리아써키트,정보기술,2022-08-08,매도,19202.0,14463.84,13885.29,14234.41,17446.38
신세계푸드,기타,2022-08-08,매도,57510.66,44306.21,46676.96,42238.21,38079.8
진성티이씨,산업재,2022-08-05,매수,9233.6,10330.66,11245.18,10815.19,14114.9
파미셀,정보기술,2022-08-05,매수,13967.37,10338.83,10537.66,9076.3,6779.89
아세아시멘트,기타,2022-08-05,매수,11305.09,8588.22,8689.49,9818.85,9090.83
한진,산업재,2022-08-04,매도,23766.19,17835.79,20143.54,18298.96,18225.54
덴티움,헬스케어,2022-08-03,매수,83957.23,74617.85,110467.59,152039.31,140231.38
DL,소재,2022-08-02,매수,64690.86,57575.8,57753.88,48239.23,35061.46
JB금융지주,금융,2022-08-02,매도,5516.68,5463.42,8226.59,6953.92,7238.87
한세실업,기타,2022-08-02,매도,14081.37,12742.34,14357.01,15497.02,16200.62
LG생활건강,소재,2022-08-01,매수,761860.31,493082.19,724293.88,605684.62,442840.06
호텔신라,기타,2022-08-01,매도,72300.77,64643.05,80251.54,81248.45,71678.09
포스코인터내셔널,기타,2022-07-28,매수,17652.72,17564.01,21823.83,26771.19,61032.75
대웅제약,기타,2022-07-26,매수,188197.23,157078.0,149054.62,106510.09,97882.18
효성티앤씨,소재,2022-07-26,매도,278521.62,243326.27,358931.25,351788.34,311609.47
롯데관광개발,기타,2022-07-25,매도,11400.0,9410.0,14160.0,10930.0,10540.0
파크시스템스,기타,2022-07-22,매도,96579.38,99548.02,110207.85,152900.98,188048.34
이녹스첨단소재,정보기술,2022-07-21,매도,33784.46,28455.07,29291.41,45119.39,37639.71
삼성카드,금융,2022-07-20,매수,23657.42,23773.57,25660.99,25409.41,24235.38
테이팩스,기타,2022-07-15,매도,65128.04,60962.87,48049.62,57967.68,48097.77
솔루스첨단소재,정보기술,2022-07-15,매도,20794.26,13986.61,16591.51,22999.61,17783.71
DB하이텍,정보기술,2022-07-14,매도,39539.29,36401.98,41994.89,72345.75,55452.35
인터로조,헬스케어,2022-07-13,매수,25910.66,23770.41,26979.56,30700.88,31398.62
카카오페이,금융,2022-07-13,매수,67500.0,36350.0,66900.0,54800.0,46250.0
한독,기타,2022-07-11,매도,16621.05,13204.5,16169.34,14429.48,13247.51
현대로템,정보기술,2022-07-08,매수,19125.22,26309.56,26359.11,26210.47,35921.71
우리금융지주,금융,2022-07-07,매도,8651.96,8463.05,9357.36,9210.25,9898.35
심텍,정보기술,2022-07-05,매도,36193.08,30580.25,25213.91,30532.46,33585.71
한화솔루션,소재,2022-07-01,매수,41284.68,50027.32,47706.74,44900.46,41871.43
천보,소재,2022-07-01,매도,205073.3,181921.47,215000.0,241500.0,191600.0
화신,정보기술,2022-06-30,매수,8717.32,8268.36,7033.72,10484.22,15404.03
신세계인터내셔날,기타,2022-06-30,매도,26907.96,23873.57,23338.09,18834.24,15513.23
한세실업,기타,2022-06-30,매도,14642.89,12612.76,14383.73,13430.75,16396.56
두산퓨얼셀,에너지 / 유틸리티,2022-06-30,매도,30050.0,29500.0,30600.0,33300.0,28650.0
DL,소재,2022-06-29,매수,64878.1,58980.09,57763.04,49000.4,41578.98
하나투어,기타,2022-06-29,매도,48220.42,51843.43,50808.28,50722.02,44683.68
한전KPS,통신서비스,2022-06-28,매도,31179.02,28771.06,28895.61,31042.89,28283.52
고려아연,소재,2022-06-28,매도,448345.97,530475.44,506240.5,490388.59,452702.22
해성디에스,정보기술,2022-06-23,매수,54411.53,47655.73,35148.38,42286.81,53232.73
이녹스첨단소재,정보기술,2022-06-22,매수,32261.78,33832.04,28788.16,36047.25,39859.48
포스코인터내셔널,기타,2022-06-21,매수,18717.2,21289.71,20757.46,19142.09,34955.12
삼양식품,필수소비재,2022-06-21,매수,94950.32,106002.01,115726.98,111199.52,111688.09
하나머티리얼즈,정보기술,2022-06-21,매도,50533.26,33709.94,34194.98,38454.8,50098.87
오스코텍,기타,2022-06-21,매도,23362.68,17629.51,18150.0,18950.0,22950.0
동원시스템즈,기타,2022-06-20,매수,46966.33,47442.35,42482.89,37295.23,38671.27
롯데지주,금융,2022-06-20,매수,29211.02,32625.83,26495.63,24569.59,23966.13
한화시스템,정보기술,2022-06-20,매수,13441.73,13064.42,10659.05,11740.61,13891.93
진에어,산업재,2022-06-20,매도,14200.0,16800.0,15400.0,15770.0,15590.0
제주항공,산업재,2022-06-20,매도,14727.89,12801.28,13700.0,14760.0,13740.0
DB하이텍,정보기술,2022-06-20,매도,51119.63,38708.82,37739.95,46098.94,61274.38
한일시멘트,기타,2022-06-17,매수,12212.05,11693.24,9937.26,9086.43,10876.94
카카오,통신서비스,2022-06-17,매도,71833.63,67057.99,58402.14,59163.84,56374.97
원익머트리얼즈,소재,2022-06-16,매수,36315.94,26373.4,28193.86,24649.0,26806.99
효성중공업,에너지 / 유틸리티,2022-06-16,매수,54201.94,64171.22,79076.75,69591.41,91368.98
현대로템,정보기술,2022-06-16,매수,19670.24,28192.35,27746.43,24327.67,31858.85
와이지엔터테인먼트,기타,2022-06-16,매도,48190.43,52642.55,43298.0,53723.8,81963.23
SK하이닉스,정보기술,2022-06-15,매도,94213.95,91518.76,78583.28,82003.46,112059.45
LX하우시스,기타,2022-06-15,매도,43035.43,39240.91,31420.49,31663.74,42373.54
유니드,소재,2022-06-14,매수,134044.89,120755.97,86300.27,72029.03,61327.04
세아제강,소재,2022-06-13,매수,140463.78,141299.86,118725.33,118638.03,127717.02
레이,헬스케어,2022-06-13,매수,16850.0,22850.0,22150.0,28750.0,35100.0
풍산,소재,2022-06-13,매도,25949.41,25110.91,27847.07,34697.48,37744.31
에스티팜,기타,2022-06-10,매수,96391.41,92872.05,80163.25,78547.63,84052.84
한화에어로스페이스,정보기술,2022-06-10,매수,62654.09,86507.18,71135.18,104530.38,117314.66
진성티이씨,산업재,2022-06-09,매수,11062.03,8840.48,13027.6,11497.57,11133.01
에스엘,정보기술,2022-06-08,매수,27632.63,34475.0,23334.22,24738.34,33554.19
SK텔레콤,통신서비스,2022-06-08,매도,45179.52,41952.81,41894.61,39103.29,42531.46
쿠쿠홈시스,기타,2022-06-03,매도,27510.87,27767.58,27553.66,26199.65,22044.45
심텍,정보기술,2022-06-02,매도,45870.38,37596.29,32080.23,28168.66,30729.45
현대백화점,기타,2022-05-31,매수,71682.81,55440.76,53626.0,50651.34,48053.83
부광약품,기타,2022-05-31,매도,10345.59,8450.51,7618.99,8063.76,7493.3
LG디스플레이,정보기술,2022-05-31,매도,16232.16,13893.23,13706.12,14220.68,14482.64
코스모신소재,소재,2022-05-27,매수,52720.36,60603.78,56662.07,71936.2,174913.34
삼성전기,정보기술,2022-05-27,매도,142623.86,130698.77,127359.75,145202.7,138611.41
SK가스,기타,2022-05-26,매수,107771.41,104011.95,101064.24,111307.12,112805.32
오리온,필수소비재,2022-05-26,매수,88381.28,94260.92,102193.77,114240.98,118754.2
지누스,기타,2022-05-26,매도,43338.16,32721.77,24675.85,26283.68,25553.58
한국카본,소재,2022-05-25,매수,12402.83,15371.85,11445.08,11365.72,11007.21
대우건설,산업재,2022-05-25,매수,6540.0,5140.0,4750.0,4480.0,4395.0
대한해운,산업재,2022-05-25,매수,3025.0,2350.0,2110.0,2270.0,2025.0
한미반도체,산업재,2022-05-25,매도,14092.63,11768.08,12688.21,15055.17,25748.38
하이록코리아,소재,2022-05-24,매수,15692.26,20550.41,18357.8,21257.04,19087.05
태광,소재,2022-05-24,매수,11292.97,16845.34,16374.8,14740.48,16728.07
카카오뱅크,금융,2022-05-24,매수,37871.48,26961.8,25808.35,25261.9,24297.71
후성,소재,2022-05-20,매도,25906.05,16022.82,13826.54,12360.0,12830.0
피에스케이,산업재,2022-05-19,매수,21741.44,16768.66,17254.38,17193.12,18140.92
SKC,소재,2022-05-19,매수,151188.38,132907.42,114132.4,91800.0,92300.0
LG전자,정보기술,2022-05-19,매도,97462.32,99382.77,92757.25,103745.19,107906.6
SK케미칼,기타,2022-05-19,매도,115421.7,100700.98,102126.0,79370.75,70220.0
두산,정보기술,2022-05-18,매도,74885.89,78506.32,86890.49,85336.3,91975.74
종근당,기타,2022-05-13,매도,76383.12,76050.67,70398.82,72753.76,76903.55
LG유플러스,통신서비스,2022-05-13,매도,10973.06,10164.37,9796.98,9183.11,9436.55
신세계푸드,기타,2022-05-13,매도,62203.53,57510.65,45272.39,46910.58,42238.21
팬오션,산업재,2022-05-12,매수,6792.41,4946.36,4160.24,5427.2,4720.49
한미약품,기타,2022-05-12,매수,276546.34,305056.25,248036.39,258758.34,312160.59
한국가스공사,에너지 / 유틸리티,2022-05-12,매수,41213.05,35438.57,33529.27,29990.07,25240.09
이수페타시스,정보기술,2022-05-12,매수,6746.45,6648.96,5635.04,7431.76,9552.28
롯데렌탈,정보기술,2022-05-11,매수,33403.54,33146.59,25395.26,24846.85,23564.72
롯데관광개발,기타,2022-05-11,매도,15250.0,12000.0,10300.0,14060.0,10860.0
인터로조,헬스케어,2022-05-10,매수,29143.8,25455.29,22449.83,28002.92,34003.55
종근당홀딩스,기타,2022-05-09,매도,59122.87,54893.38,46524.39,51667.41,47792.35
풀무원,필수소비재,2022-05-09,매도,14935.37,13727.01,10488.59,10836.04,9870.46
대동,산업재,2022-05-04,매수,16084.17,11543.89,11060.89,12182.32,10419.73
한국콜마,소재,2022-05-04,매수,42760.93,36167.62,32727.64,42961.36,39143.64
현대오토에버,정보기술,2022-05-03,매수,132630.61,119175.32,113889.32,101483.39,119369.35
LX인터내셔널,기타,2022-05-02,매수,30604.04,26425.34,32355.12,30143.42,25212.42
SNT모티브,정보기술,2022-05-02,매수,20679.64,18465.39,18741.3,19288.3,21025.99
두산에너빌리티,산업재,2022-05-02,매도,20450.0,18750.0,13250.0,16280.0,16930.0
대웅제약,기타,2022-04-29,매수,180787.89,190173.06,161523.59,149054.62,106510.09
한미사이언스,금융,2022-04-28,매수,48863.88,38814.88,30051.76,29510.53,42897.75
미래에셋증권,금융,2022-04-28,매도,7262.23,5932.65,5611.72,6497.22,6487.76
대덕전자,정보기술,2022-04-25,매수,29154.82,27320.89,23606.0,19045.63,21300.41
상아프론테크,기타,2022-04-25,매도,36235.89,29267.45,24269.39,29178.95,32614.62
CJ제일제당,필수소비재,2022-04-22,매수,381367.75,369372.75,374464.97,323140.16,299284.59
BNK금융지주,금융,2022-04-21,매도,6126.93,5082.74,4967.58,6083.98,5655.41
자화전자,정보기술,2022-04-20,매수,31700.0,26450.0,20350.0,24300.0,30200.0
HDC,금융,2022-04-18,매도,6282.38,5754.45,4997.75,5419.38,6275.08
한화투자증권,금융,2022-04-15,매수,4995.0,3070.0,2390.0,2600.0,2745.0
현대홈쇼핑,기타,2022-04-15,매도,47711.29,40918.77,37236.09,47852.37,41389.3
환인제약,기타,2022-04-15,매도,16333.39,15464.1,15601.36,16384.71,15295.5
한화,소재,2022-04-15,매도,27579.09,21354.48,22172.31,24982.98,23862.25
SK텔레콤,통신서비스,2022-04-15,매도,47917.67,44896.86,40523.06,39652.84,40983.29
서흥,소재,2022-04-15,매도,36559.18,30923.76,29787.21,30955.38,27984.43
리노공업,정보기술,2022-04-12,매수,33054.12,24367.54,25890.51,31018.32,26518.75
성광벤드,소재,2022-04-08,매수,8303.95,10126.77,14611.48,12581.86,12193.23
현대코퍼레이션,기타,2022-04-07,매수,14337.26,13157.06,14162.42,14075.38,14736.15
유진테크,산업재,2022-04-06,매도,43068.71,28028.85,20655.4,21923.45,30416.31
삼성증권,금융,2022-04-06,매도,32331.33,27378.62,24525.85,25321.68,26237.93
키움증권,금융,2022-04-04,매도,85417.02,66548.78,65783.85,71081.5,86106.14
